id,created,modified,slug,title,user_id,is_official,search_vector,status,language,is_draft,old_id,is_deleted,is_onboard,platform,pik_photo_id,memo,is_default
1244,2020-09-14 16:16:30.398 +0900,2020-09-14 16:16:30.401 +0900,ai-pik-about-피큐레잇,AI pik about 피큐레잇,49,False,'about':3A 'ai':1A 'pik':2A '피큐레잇':4A,private,ko,False,,False,False,,,,False
906,2020-08-14 12:09:14.135 +0900,2020-08-26 15:54:42.572 +0900,pikurate-사용성-개선-기적의-100일-프로젝트-kick-off-meeting,Pikurate 사용성 개선 기적의 100일 프로젝트 kick-off meeting,49,False,'100일':5A 'kick':8A 'kick-off':7A 'meeting':10A 'off':9A 'pikurate':1A '개선':3A '기적의':4A '사용성':2A '프로젝트':6A,public,ko,False,,False,False,,,,False
1086,2020-09-01 20:01:27.146 +0900,2020-09-01 20:01:27.415 +0900,pikurate-1086,PIKURATE,520,False,'pikurate':1A,private,en,False,,False,False,,,,False
464,2019-11-19 11:17:17.757 +0900,2020-08-26 16:36:14.828 +0900,나도-한-번-이해해보자-도대체-블럭체인이-뭐야,"나도 한 번 이해해보자, 도대체 블럭체인이 뭐야?",425,False,'나도':1A '도대체':5A '뭐야':7A '번':3A '블럭체인이':6A '이해해보자':4A '한':2A,public,ko,False,,False,False,,,,False
467,2019-11-19 13:56:01.216 +0900,2020-08-26 16:39:55.681 +0900,한국-페미니즘-이해하기-467,한국 페미니즘  이해하기.,429,False,'이해하기':3A '페미니즘':2A '한국':1A,public,ko,False,,False,False,,,,False
873,2020-07-28 17:33:50.053 +0900,2020-08-26 13:52:54.616 +0900,cs,CS,506,False,'cs':1A,private,en,False,,False,False,,,,False
869,2020-07-28 15:48:57.468 +0900,2020-08-26 13:52:54.654 +0900,스타트업-ceo-필독서-모음,스타트업 CEO 필독서 모음,49,False,'ceo':2A '모음':4A '스타트업':1A '필독서':3A,public,ko,False,,False,False,,,,False
3725,2021-08-09 13:24:25.327 +0900,2021-08-09 13:24:25.329 +0900,솔루션,솔루션,1118,False,,private,en,False,,False,False,,,,False
839,2020-07-09 12:44:35.861 +0900,2020-08-26 13:52:54.791 +0900,피큐레잇-기획자-모집-프로젝트,[피큐레잇] 기획자 모집 프로젝트,49,False,'기획자':2A '모집':3A '프로젝트':4A '피큐레잇':1A,private,ko,False,,False,False,,,,False
836,2020-07-07 18:57:51.247 +0900,2020-08-26 13:52:54.842 +0900,my-pik-from-mobile-app,My pik from mobile app,421,False,'app':5A 'from':3A 'mobile':4A 'my':1A 'pik':2A,private,en,False,,False,False,,,,False
1621,2020-11-03 16:06:17.416 +0900,2020-11-03 16:06:17.420 +0900,사모펀드,사모펀드,579,False,'사모펀드':1A,private,ko,False,,False,False,,,,False
492,2019-11-22 15:34:41.686 +0900,2020-08-26 13:52:55.953 +0900,server-side-rendering,Server Side Rendering,422,False,'rendering':3A 'server':1A 'side':2A,private,en,False,,False,False,,,,False
1087,2020-09-01 20:01:50.034 +0900,2020-09-01 20:01:50.040 +0900,kakao,KAKAO,520,False,'kakao':1A,private,en,False,,False,False,,,,False
465,2019-11-19 11:19:08.656 +0900,2020-08-26 13:52:56.077 +0900,한국-페미니즘-이해하기-465,한국 페미니즘 이해하기,427,False,"'이해하기':3A,6B '페미니즘':2A,5B '페미니즘반대':8B '페미니즘찬성':7B '한국':1A,4B '한국페미니즘':9B",public,ko,False,,False,False,,,,False
463,2019-11-19 11:09:47.157 +0900,2020-08-26 13:52:56.084 +0900,면역력을-높여보자,면역력을 높여보자,425,False,"'관련':5B '높여보자':2A,4B '링크수집입니다':6B '면역력강화영양제':9B '면역력강화운동':7B '면역력강화음식':10B '면역력을':1A,3B '생활건강지식':8B",public,ko,False,,False,False,,,,False
462,2019-11-19 11:08:14.523 +0900,2020-08-26 13:52:56.087 +0900,영어-공부에-도움이-되는-사이트-모음,영어 공부에 도움이 되는 사이트 모음,425,False,"'공부에':2A,8B '도움이':3A,9B '되는':4A,10B '듣기연습':15B '모음':6A '모음입니다':12B '문법':17B '사이트':5A,11B '어휘':16B '영독해':14B '영어':1A,7B '영어공부방법추천':19B '영작문학습':18B '회화연습':13B",public,ko,False,,False,False,,,,False
461,2019-11-19 11:03:58.188 +0900,2020-08-26 13:52:56.090 +0900,한국-페미니즘-이해하기,한국 페미니즘 이해하기,428,False,"'82년생김지영':9B '외국페미니즘이해하기':10B '이해하기':3A,6B '탈코르셋':8B '페미니즘':2A,5B '페미니즘이란':7B '한국':1A,4B",public,ko,False,,False,False,,,,False
460,2019-11-19 04:01:07.879 +0900,2020-08-26 13:52:56.101 +0900,resources-for-entrepreneurs,Resources for entrepreneurs,242,False,"'about':11B 'and':15B 'author':20B 'book':23B 'books':4B 'entrepreneurs':3A 'entrepreneurship':17B 'etc':7B 'for':2A 'founder':21B 'founders':14B 'from':13B 'investor':22B 'investors':16B 'learn':9B 'media':25B 'more':10B 'newsletters':6B 'podcast':19B 'podcasts':5B 'resources':1A 'startup':18B 'startups':12B,24B 'to':8B",public,en,False,,False,False,,,,False
24326,2022-09-12 17:35:08.967 +0900,2022-09-12 22:53:18.464 +0900,mike-trout-baseballs-mvp,Mike Trout: Baseball's MVP,6588,False,,public,ko,False,,False,False,,,,False
458,2019-11-13 15:29:10.391 +0900,2020-08-26 13:52:56.107 +0900,운동할-때-최적인-블루투스-이어폰-458,운동할 때 최적인 블루투스 이어폰,429,False,"'때':2A '블루투스':4A,6B '블루투스이어폰의장단점':12B '블루투스이어폰추천':11B '애플해외직구':10B '운동할':1A '이어폰':5A,7B '입니다':9B '정보':8B '최적인':3A",public,ko,False,,False,False,,,,False
457,2019-11-13 14:58:39.494 +0900,2020-08-26 13:52:56.111 +0900,운동할-때-최적인-블루투스-이어폰,운동할 때 최적인 블루투스 이어폰,425,False,"'관련':8B '때':2A '리뷰':12B '링크입니다':9B '방수스포츠이어폰':11B '블루투스':4A,6B '블루투스이어폰':13B '운동할':1A '이어폰':5A,7B '일반추천제품':10B '최적인':3A",public,ko,False,,False,False,,,,False
1288,2020-09-18 07:58:46.861 +0900,2020-09-18 07:59:28.315 +0900,애니메디솔루션,애니메디솔루션,597,False,'애니메디솔루션':1A,private,ko,False,,False,False,,,,False
1088,2020-09-01 20:01:59.051 +0900,2020-09-01 20:01:59.052 +0900,glamgould,GlamGould,520,False,'glamgould':1A,private,en,False,,False,False,,,,False
1089,2020-09-01 20:02:25.340 +0900,2020-09-01 20:02:25.342 +0900,영어독립,영어독립,520,False,'영어독립':1A,private,en,False,,False,False,,,,False
1092,2020-09-01 20:02:52.050 +0900,2020-09-01 20:02:52.052 +0900,빡독,빡독,520,False,'빡독':1A,private,en,False,,False,False,,,,False
1096,2020-09-01 20:03:45.522 +0900,2020-09-01 20:03:45.524 +0900,만담,만담,520,False,'만담':1A,private,en,False,,False,False,,,,False
2681,2021-05-28 01:38:24.119 +0900,2021-05-28 01:38:24.122 +0900,bootpay,Bootpay,971,False,'bootpay':1A,public,en,False,,False,False,,,,False
1102,2020-09-01 20:05:30.297 +0900,2020-09-01 20:05:30.299 +0900,tools,Tools,520,False,'tools':1A,private,en,False,,False,False,,,,False
1104,2020-09-01 20:05:48.869 +0900,2020-09-01 20:05:48.871 +0900,북마크-pik,북마크 Pik,520,False,'pik':2A '북마크':1A,private,en,False,,False,False,,,,False
439,2019-11-06 16:17:24.561 +0900,2020-08-26 16:35:26.751 +0900,우리카드,우리카드,49,False,'우리카드':1A,public,ko,False,,False,False,,,,False
907,2020-08-14 22:53:03.468 +0900,2020-08-26 13:52:54.525 +0900,증여세,증여세,49,False,'증여세':1A,public,ko,False,,False,False,,,,False
838,2020-07-08 13:50:11.216 +0900,2020-08-26 13:52:54.810 +0900,my-pik-from-chrome-ext,my pik from chrome ext,421,False,'chrome':4A 'ext':5A 'from':3A 'my':1A 'pik':2A,private,en,False,,False,False,,,,False
1441,2020-10-06 17:11:35.562 +0900,2020-10-06 17:11:35.564 +0900,csr-idea,CSR Idea,641,False,'csr':1A 'idea':2A,private,en,False,,False,False,,,,False
1451,2020-10-06 17:31:35.297 +0900,2020-10-06 17:31:35.299 +0900,마케팅-사례,마케팅 사례,641,False,'마케팅':1A '사례':2A,private,en,False,,False,False,,,,False
485,2019-11-20 13:53:52.799 +0900,2022-08-23 16:01:42.206 +0900,직장인이-도전해볼만한-재테크-방법-모음-070142-485,직장인이 도전해볼만한 재테크 방법 모음,430,False,'도전해볼만한':2A '모음':5A '방법':4A '재테크':3A '직장인이':1A,public,ko,False,,True,False,,,,False
24488,2022-09-15 13:42:35.037 +0900,2022-09-15 13:42:35.041 +0900,real-madrid-vs-rb-leipzig,Real Madrid vs RB Leipzig,7214,False,,public,en,False,,False,False,,,,False
24531,2022-09-15 17:35:32.853 +0900,2022-09-15 17:35:32.856 +0900,powerlifting-training-plan,Powerlifting Training Plan,6238,False,,public,ko,False,,False,False,,,,False
756,2020-05-24 12:17:29.942 +0900,2020-08-26 13:52:54.969 +0900,피큐레잇-초기창업-패키지-자료-모음,[피큐레잇] 초기창업 패키지 자료 모음,49,False,'모음':5A '자료':4A '초기창업':2A '패키지':3A '피큐레잇':1A,private,ko,False,,False,False,,,,False
736,2020-05-14 14:30:57.187 +0900,2020-08-26 13:52:55.110 +0900,디자인사이트모음,디자인사이트모음,465,False,'디자인사이트모음':1A,public,ko,False,,False,False,,,,False
24327,2022-09-12 18:00:43.714 +0900,2022-09-12 18:00:43.718 +0900,about-pistol-drama,About Pistol Drama,6570,False,,public,ko,False,,False,False,,,,False
454,2019-11-13 14:16:28.742 +0900,2020-08-26 13:52:56.121 +0900,최신-트렌드-맨투맨-454,최신 트렌드 맨투맨,429,False,"'데일리룩':10B '맨투맨':3A,6B '스타일링':11B '입니다':8B '정보':7B '최신':1A,4B '커플시밀러룩추천':9B '트렌드':2A,5B",public,ko,False,,False,False,,,,False
453,2019-11-13 14:13:42.816 +0900,2020-08-26 13:52:56.124 +0900,최신-트렌드-맨투맨-453,최신 트렌드 맨투맨,429,False,"'데일리룩':8B '맨투맨':3A '맨투맨입니다':6B '스타일링':9B '최신':1A,4B '커플시밀러룩맨투맨':7B '트렌드':2A,5B",public,ko,False,,False,False,,,,False
452,2019-11-13 14:04:31.149 +0900,2020-08-26 13:52:56.127 +0900,최신-트렌드-맨투맨-452,최신 트렌드 맨투맨,429,False,"'데일리룩':9B '맨투맨':3A,6B '스타일링':10B '입니다':7B '최신':1A,4B '커플시밀러룩맨투맨':8B '트렌드':2A,5B",public,ko,False,,False,False,,,,False
451,2019-11-13 13:38:09.462 +0900,2020-08-26 13:52:56.130 +0900,숨겨진-명작을-찾아주는-영화-추천-서비스-모음-451,숨겨진 명작을 찾아주는 영화 추천 서비스 모음,428,False,"'넷플릭스':16B '명작을':2A,9B '모음':7A,14B '서비스':6A,13B '숨겨진':1A,8B '영화':4A,11B '왓챠플레이':17B '찾아주는':3A,10B '추천':5A,12B '포스트':15B",public,ko,False,,False,False,,,,False
450,2019-11-13 13:13:48.354 +0900,2020-08-26 13:52:56.134 +0900,숨겨진-명작을-찾아주는-영화-추천-서비스-모음,숨겨진 명작을 찾아주는 영화 추천 서비스 모음,425,False,"'명작을':2A,9B '모음':7A '모음입니다':14B '서비스':6A,13B '숨겨진':1A,8B '숨은명작영화추천':16B '영화':4A,11B '영화추천서비스':15B '찾아주는':3A,10B '추천':5A,12B",public,ko,False,,False,False,,,,False
837,2020-07-07 19:44:35.150 +0900,2020-08-26 16:37:41.342 +0900,피큐레잇-고용-관련-정보-모음,[피큐레잇] 고용 관련 정보 모음,49,False,'고용':2A '관련':3A '모음':5A '정보':4A '피큐레잇':1A,public,ko,False,,False,False,,,,False
449,2019-11-13 11:56:22.129 +0900,2020-08-26 13:52:56.137 +0900,최신-트렌드-맨투맨,최신 트렌드 맨투맨,427,False,"'남성맨투맨':8B '네이버쇼핑':10B '맨투맨':3A,6B '맨투맨코디':11B '브랜드추천':7B '여성맨투맨':9B '최신':1A,4B '트렌드':2A,5B",public,ko,False,,False,False,,,,False
2824,2021-06-17 11:29:08.089 +0900,2021-06-17 11:29:08.091 +0900,excel,excel,1104,False,,private,ko,False,,False,False,,,,False
447,2019-11-13 11:30:12.163 +0900,2020-08-26 13:52:56.144 +0900,가성비-끝판왕-사무용-노트북,가성비 끝판왕 사무용 노트북,428,False,"'50만원대노트북':9B '가성비':1A,5B '가성비좋은노트북':12B '끝판왕':2A,6B '노트북':4A,8B '노트북백팩':11B '노트북수리':10B '사무용':3A,7B",public,ko,False,,False,False,,,,False
446,2019-11-13 11:18:08.618 +0900,2020-08-26 13:52:56.147 +0900,네이버-x-전체삭제요망,네이버 X 전체삭제요망,427,False,"'www.naver.com':4B 'x':2A '네이버':1A,5B '전체삭제요망':3A",public,ko,False,,False,False,,,,False
442,2019-11-12 00:56:44.136 +0900,2020-08-26 13:52:56.151 +0900,접촉성-구순염,접촉성 구순염,49,False,'구순염':2A '입술':4B '접촉성':1A '치료방법':3B,public,ko,False,,False,False,,,,False
441,2019-11-07 16:51:38.929 +0900,2020-08-26 13:52:56.154 +0900,피큐레잇-라이브채팅-기능,피큐레잇 라이브채팅 기능,49,False,"'기능':3A '라이브':4B,6B '라이브채팅':2A '채팅':5B '챗봇':7B '피큐레잇':1A",public,ko,False,,False,False,,,,False
440,2019-11-06 18:19:05.755 +0900,2020-08-26 13:52:56.157 +0900,스타트업-텀시트-이해하기,스타트업 텀시트 이해하기,49,False,"'스타트업':1A '이해하기':3A '작성법':5B '텀시트':2A,4B,6B '투자':7B",public,ko,False,,False,False,,,,False
437,2019-11-01 21:53:45.392 +0900,2020-08-26 13:52:56.170 +0900,바버샵,바버샵,49,False,"'다듬기':3B '바버샵':1A,5B,7B '수염':6B '수엽':2B '전분':4B",public,ko,False,,False,False,,,,False
436,2019-11-01 18:38:47.668 +0900,2020-08-26 13:52:56.174 +0900,브랜드-만들기-참고자료,브랜드 만들기 참고자료,49,False,"'로고':10B '만들기':2A,6B '모음':9B '브랜드':1A,5B,12B '참고자료':3A '참고자료들':8B '테마':11B '프로젝트':7B '피큐레잇':4B",public,ko,False,,False,False,,,,False
435,2019-11-01 07:18:12.435 +0900,2020-08-26 13:52:56.187 +0900,moving-to-san-diego-california,"Moving to San Diego, California",48,False,"'all':6B 'california':5A,18B 'diego':4A,17B 'for':13B 'know':12B 'moving':1A,14B,19B 'need':10B 'san':3A,16B 'stuff':8B 'the':7B 'to':2A,11B,15B 'travel':20B 'you':9B",public,en,False,,False,False,,,,False
1090,2020-09-01 20:02:26.185 +0900,2020-09-01 20:02:26.482 +0900,pikurate-1090,PIKURATE,520,False,'pikurate':1A,private,en,False,,False,False,,,,False
1091,2020-09-01 20:02:51.146 +0900,2020-09-01 20:02:51.306 +0900,kakao-1091,KAKAO,520,False,'kakao':1A,private,en,False,,False,False,,,,False
1093,2020-09-01 20:03:00.065 +0900,2020-09-01 20:03:00.329 +0900,glamgould-1093,GlamGould,520,False,'glamgould':1A,private,en,False,,False,False,,,,False
1094,2020-09-01 20:03:18.020 +0900,2020-09-01 20:03:18.346 +0900,영어독립-1094,영어독립,520,False,'영어독립':1A,private,en,False,,False,False,,,,False
1095,2020-09-01 20:03:45.131 +0900,2020-09-01 20:03:45.373 +0900,빡독-1095,빡독,520,False,'빡독':1A,private,en,False,,False,False,,,,False
1100,2020-09-01 20:04:47.876 +0900,2020-09-01 20:04:48.169 +0900,creo-1100,CREO,520,False,'creo':1A,private,en,False,,False,False,,,,False
1101,2020-09-01 20:04:57.157 +0900,2020-09-01 20:04:57.429 +0900,volla-1101,Volla,520,False,'volla':1A,private,en,False,,False,False,,,,False
1103,2020-09-01 20:05:45.554 +0900,2020-09-01 20:05:45.820 +0900,tools-1103,Tools,520,False,'tools':1A,private,en,False,,False,False,,,,False
2114,2021-01-25 21:24:13.715 +0900,2021-01-25 21:24:13.718 +0900,개발,개발,823,False,'개발':1A,private,ko,False,,False,False,,,,False
908,2020-08-15 09:54:38.412 +0900,2020-08-26 13:52:54.522 +0900,팁스운영사-블루포인트파트너스의-모든-것,팁스운영사 블루포인트파트너스의 모든 것,49,False,'것':4A '모든':3A '블루포인트파트너스의':2A '팁스운영사':1A,public,ko,False,,False,False,,,,False
429,2019-10-18 17:03:58.580 +0900,2020-08-26 16:28:17.615 +0900,e-커머스-구매전환율-정보,e-커머스 구매전환율 정보,49,False,'e':2A 'e-커머스':1A '구매전환율':4A '정보':5A '커머스':3A,public,ko,False,,False,False,,,,False
1420,2020-10-02 02:39:28.543 +0900,2020-10-02 02:39:28.545 +0900,idk,Idk,634,False,'idk':1A,private,ko,False,,False,False,,,,False
1531,2020-10-22 16:02:01.387 +0900,2020-10-22 16:16:03.055 +0900,콘텐츠_마케팅,콘텐츠_마케팅,622,False,'마케팅':2A '콘텐츠':1A,private,ko,False,,False,False,,,,False
1673,2020-11-12 11:45:11.061 +0900,2020-11-12 16:45:46.772 +0900,browser,Browser,677,False,'browser':1A,public,en,False,,False,False,,,,False
1678,2020-11-12 14:02:01.184 +0900,2020-11-12 16:34:40.794 +0900,rdbms,RDBMS,677,False,'rdbms':1A,public,en,False,,False,False,,,,False
1503,2020-10-19 09:30:52.457 +0900,2020-10-19 09:37:48.378 +0900,work,Work,625,False,'work':1A,public,ko,False,,False,False,,,,False
1540,2020-10-22 23:08:15.887 +0900,2020-10-22 23:08:15.889 +0900,insight,Insight,625,False,'insight':1A,public,ko,False,,False,False,,,,False
456,2019-11-13 14:46:10.048 +0900,2022-08-23 16:00:56.598 +0900,직장인에게-유용한-다이어트-방법-070056-456,직장인에게 유용한 다이어트 방법,430,False,"'간단한운동법':11B '다이어트':3A,7B '다이어트간식':10B '방법':4A,8B '식단관리':9B '유용한':2A,6B '직장인에게':1A,5B",public,ko,False,,True,False,,,,False
24616,2022-09-17 05:58:29.290 +0900,2022-09-17 05:58:29.294 +0900,dsd,dsd,7346,False,,public,ko,False,,False,False,,,,False
24683,2022-09-18 13:18:57.405 +0900,2022-09-18 13:18:57.408 +0900,추천-ai,추천 AI,7358,False,,public,ko,False,,False,False,,,,False
780,2020-06-03 13:05:38.880 +0900,2020-08-26 13:52:54.936 +0900,first-pick,First Pick,477,False,'first':1A 'pick':2A,private,en,False,,False,False,,,,False
737,2020-05-14 15:04:04.088 +0900,2020-08-26 13:52:55.106 +0900,ai-pik-about-video,AI pik about video,465,False,'about':3A 'ai':1A 'pik':2A 'video':4A,private,en,False,,False,False,,,,False
434,2019-10-30 00:39:34.312 +0900,2020-08-26 13:52:56.210 +0900,superman,superman,417,False,"'1':41B '190cm이다':69B '1932년':16B '1938년':29B '6월':38B 'dc':7B,33B,70B 'man':72B 'super':71B 'superman':1A,4B '공식적인':66B '그해':37B '기자':60B '꼽힌다':15B '나오는':9B '데일리':55B '드라마들이':52B '등의':47B '등장하여':49B '등장했다':44B '디텍티브':30B '리브':46B '만들어진':50B '만화가':23B '문화의':13B '미국':6B,12B '미국의':17B '배우가':48B '상징으로':14B '생활을':63B '슈스터가':25B '슈퍼맨':2B '슈퍼맨의':65B '시걸과':20B '신문사':59B '신문사의':57B '신체는':67B '액션':39B '어리버리한':58B '에':35B,42B '영어':3B '영웅으로':10B '영화나':51B '오하이오주':26B '은':5B '있다':53B '작가':18B '제리':19B '조':24B '창조해내고':28B '처음':43B '출신':22B '캐나다':21B '켄트로':62B '코믹스':31B,34B,40B '코믹스에':8B '크리스토퍼':45B '클라크':61B '클리블랜드에서':27B '키':68B '팔았으며':36B '평소에는':54B '플래닛':56B '한다':64B '현':32B '흔히':11B",public,en,False,,False,False,,,,False
433,2019-10-24 21:35:20.383 +0900,2020-08-26 13:52:56.214 +0900,스타트업을-시간-날때-볼-자료들,스타트업을 시간 날때 볼 자료들,49,False,"'공부':7B '날때':3A '볼':4A '스타트업':6B,8B '스타트업을':1A '시간':2A '자료들':5A",public,ko,False,,False,False,,,,False
432,2019-10-24 16:38:15.162 +0900,2020-08-26 13:52:56.217 +0900,픽-자동생성-소스-모음,픽 자동생성 소스 모음,49,False,"'모음':4A '소스':3A '자동':7B '자동생성':2A,6B '픽':1A,5B,8B",public,ko,False,,False,False,,,,False
431,2019-10-23 18:35:59.680 +0900,2020-08-26 13:52:56.221 +0900,제휴마케팅-관련-자료-모음,제휴마케팅 관련 자료 모음,49,False,"'관련':2A '마케팅':6B,8B '모음':4A '자료':3A '제휴':5B,7B '제휴마케팅':1A",public,ko,False,,False,False,,,,False
430,2019-10-22 22:47:23.512 +0900,2020-08-26 13:52:56.224 +0900,인큐베이터와-엑셀러레이터,인큐베이터와 엑셀러레이터,49,False,"'관련정보':3B '엑셀러레이터':2A,4B '인큐베이터':5B '인큐베이터와':1A",public,ko,False,,False,False,,,,False
1106,2020-09-02 09:44:38.820 +0900,2020-09-02 09:44:39.083 +0900,캠핑-1106,캠핑,554,False,'캠핑':1A,private,en,False,,False,False,,,,False
428,2019-10-18 15:33:36.406 +0900,2020-08-26 13:52:56.270 +0900,angularjs-development-company,AngularJs Development Company,413,False,"'+18634100071':80B '228':68B '3rd':71B '94301':76B 'address':67B 'also':35B 'alto':74B 'an':6B,62B,65B 'and':25B,55B,57B 'angularjs':1A,87B 'api':85B,90B 'api/web':58B 'app':50B 'as':46B 'avenue':70B 'blockchain':26B 'breaking':31B 'business':21B 'by':20B 'ca':75B 'cms':47B 'company':3A,9B,89B,95B 'custom':84B 'deep':23B 'design':54B 'development':2A,13B,41B,48B,51B,56B,88B,94B 'enterprise':66B 'extends':36B 'faced':19B 'floor':72B 'focused':10B 'for':16B,39B,61B 'ground':30B 'ground-breaking':29B 'hamilton':69B 'individual':63B 'integration':60B,86B,91B 'is':5B 'it':7B,34B,43B 'learning':24B 'mobile':49B 'most':28B 'number':79B 'of':14B,42B 'on':11B 'or':64B 'palo':73B 'phone':78B 'php':93B 'portal':53B 'problems':18B 'quantumsoftech':4B 'services':38B,59B,92B 'solutions':8B,15B,44B 'such':45B 'technologies':32B 'the':12B,17B,27B,37B,40B 'today':33B 'us':82B 'usa':77B 'using':22B 'visit':81B 'web':52B 'www.quantumsoftech.com':83B",public,en,False,,False,False,,,,False
426,2019-10-09 16:00:58.607 +0900,2020-08-26 13:52:56.288 +0900,salesforce,Salesforce,408,False,"'crm':4B 'salesforce':1A,3B 'salesforce.com':2B",public,en,False,,False,False,,,,False
424,2019-10-02 21:18:29.431 +0900,2020-08-26 13:52:56.296 +0900,베스트-디자인-사이트-모음,베스트 디자인 사이트 모음,49,False,"'개인':5B '디자인':2A,8B,10B '모음':4A '베스트':1A '사이트':3A '웹사이트':7B,9B '취향':6B",public,ko,False,,False,False,,,,False
422,2019-09-30 08:30:44.748 +0900,2020-08-26 13:52:56.309 +0900,newyork-trip,Newyork trip,407,False,"'for':6B 'journey':10B 'newyork':1A,7B,11B 'searched':3B 'several':4B 'tips':5B 'travel':8B,12B 'trip':2A,13B 'usa':9B",public,en,False,,False,False,,,,False
421,2019-09-19 08:07:40.269 +0900,2020-08-26 13:52:56.342 +0900,language-literature,Language - Literature,207,False,"'analysis':4B 'comparative':8B 'conceptual':3B 'for':7B 'language':1A,6B,10B 'literature':2A,9B,11B 'of':5B",public,en,False,,False,False,,,,False
419,2019-09-10 15:35:25.504 +0900,2020-08-26 13:52:56.354 +0900,송석규-님의-세번째-픽,송석규 님의 세번째 픽,49,False,"'걸로':7B '님의':2A '디스크립션은':5B '세번째':3A,10B '송걱규':8B '송석규':1A '없애는':6B '픽':4A,9B",public,ko,False,,False,False,,,,False
418,2019-09-06 17:49:34.409 +0900,2020-08-26 13:52:56.357 +0900,태국-여행시-알아야할-것들,태국 여행시 알아야할 것들,49,False,"'것들':4A '모음':12B '방문':7B '비즈니스':6B,13B '시':8B '알아야':9B '알아야할':3A '여행':16B '여행시':2A '정보':11B,15B '태국':1A,5B,14B '할':10B",public,ko,False,,False,False,,,,False
416,2019-09-02 16:43:55.830 +0900,2020-08-26 13:52:56.400 +0900,theory-of-history,Theory of History,349,False,"'history':3A,6B,9B 'of':2A,5B,8B 'theory':1A,4B,7B",public,en,False,,False,False,,,,False
414,2019-08-29 01:00:39.498 +0900,2020-08-26 13:52:56.433 +0900,best-networking-questions,Best networking questions,349,False,"'best':1A,4B 'networking':2A,5B,7B 'questions':3A,6B",public,en,False,,False,False,,,,False
427,2019-10-14 16:02:41.474 +0900,2020-08-26 16:38:12.070 +0900,고용지원-제도-관련된-모든-정보-모음,고용지원 제도 관련된 모든 정보 모음,49,False,'고용지원':1A '관련된':3A '모든':4A '모음':6A '정보':5A '제도':2A,public,ko,False,,False,False,,,,False
1174,2020-09-09 20:26:02.544 +0900,2020-09-09 20:27:23.847 +0900,현대엔지니어링,현대엔지니어링,572,False,'현대엔지니어링':1A,private,en,False,,False,False,,,,False
1245,2020-09-14 16:34:23.350 +0900,2020-09-14 16:35:21.091 +0900,피큐레잇-사랑해요,피큐레잇 사랑해요,49,False,'사랑해요':2A '피큐레잇':1A,public,ko,False,,False,False,,,,False
489,2019-11-20 16:51:28.214 +0900,2020-08-26 16:35:42.985 +0900,인터넷으로-돈-벌어보자-누구나-할-수-있는-인터넷-부업의-모든-것,인터넷으로 돈 벌어보자  (누구나 할 수 있는 인터넷 부업의 모든 것),428,False,'것':11A '누구나':4A '돈':2A '모든':10A '벌어보자':3A '부업의':9A '수':6A '인터넷':8A '인터넷으로':1A '있는':7A '할':5A,public,ko,False,,False,False,,,,False
297,2019-06-20 11:51:33.087 +0900,2020-08-26 13:52:58.098 +0900,libraries-for-web-dev,Libraries for Web Dev,349,False,"'dev':4A,8B,10B 'for':2A,6B 'libraries':1A,5B 'web':3A,7B,9B",public,en,False,,False,False,,,,False
5779,2021-08-31 17:41:40.378 +0900,2021-08-31 17:52:00.837 +0900,asdf,asdf,910,False,,public,ko,False,,True,False,,,,False
7500,2021-10-18 18:13:14.391 +0900,2021-10-18 18:13:14.393 +0900,디3-언론-보도-모음,디3 언론 보도 모음,1576,False,,public,en,False,,False,False,,,,False
24489,2022-09-15 13:53:01.388 +0900,2022-09-15 13:53:01.424 +0900,quick-link-box-045301-24489,Quick Link Box,7303,False,,private,en,False,,False,False,,,,True
12776,2022-04-12 15:44:15.789 +0900,2022-04-12 15:57:46.913 +0900,통계,통계,4092,False,,public,ko,False,,False,False,,,,False
12897,2022-04-13 10:00:27.628 +0900,2022-04-13 10:00:27.630 +0900,triple-h,Triple H,4558,False,,public,en,False,,False,False,,,,False
24443,2022-09-14 18:59:11.003 +0900,2022-09-14 19:57:30.169 +0900,무료-이미지-사이트,무료 이미지 사이트,7140,False,,public,ko,False,,False,False,,,,False
24532,2022-09-15 17:36:30.439 +0900,2022-09-15 17:36:30.442 +0900,the-world-of-whisky,The World of Whisky,6588,False,,public,ko,False,,False,False,,,,False
6060,2021-09-05 15:31:17.406 +0900,2021-09-05 15:31:17.408 +0900,모바일,모바일,3041,False,,public,ko,False,,False,False,,,,False
408,2019-08-12 14:52:13.027 +0900,2020-08-26 16:39:41.910 +0900,주피큐레잇-한국지사-각종-정부지원-사업-및-기타-지원예정정보-모음,(주)피큐레잇 한국지사 각종 정부지원 사업 및 기타 지원(예정)정보 모음,17,False,'각종':4A '기타':8A '모음':12A '및':7A '사업':6A '예정':10A '정보':11A '정부지원':5A '주':1A '지원':9A '피큐레잇':2A '한국지사':3A,public,ko,False,,False,False,,,,False
1246,2020-09-14 16:41:00.347 +0900,2020-09-14 16:41:00.608 +0900,ai-pik-about-피큐레잇-1246,AI pik about 피큐레잇,49,False,'about':3A 'ai':1A 'pik':2A '피큐레잇':4A,private,ko,False,,False,False,,,,False
872,2020-07-28 17:16:38.119 +0900,2020-08-26 13:52:54.650 +0900,system_hacking,System_Hacking,505,False,'hacking':2A 'system':1A,private,en,False,,False,False,,,,False
807,2020-07-03 10:54:16.325 +0900,2020-08-26 13:52:54.890 +0900,new-pik-here-807,new pik here,438,False,'here':3A 'new':1A 'pik':2A,private,en,False,,False,False,,,,False
701,2020-05-08 14:07:49.409 +0900,2020-08-26 13:52:55.170 +0900,welcome-to-the-silicon-valley-start-up-life,Welcome To The Silicon Valley Start-Up Life,459,False,'life':9A 'silicon':4A 'start':7A 'start-up':6A 'the':3A 'to':2A 'up':8A 'valley':5A 'welcome':1A,public,en,False,,False,False,,,,False
638,2020-04-24 13:55:34.341 +0900,2020-08-26 13:52:55.430 +0900,외국계기업-취업,외국계기업 취업,49,False,'외국계기업':1A '취업':2A,private,ko,False,,False,False,,,,False
497,2020-01-08 17:16:55.326 +0900,2020-08-26 13:52:55.867 +0900,client-and-serverside,Client and ServerSide,422,False,,public,en,False,,False,False,,,,False
417,2019-09-03 23:29:08.441 +0900,2020-08-26 13:52:56.395 +0900,marketing,Marketing,403,False,"'marketing':1A,2B,4B 'trends':3B",public,en,False,,False,False,,,,False
411,2019-08-21 14:05:10.193 +0900,2020-08-26 13:52:56.499 +0900,what-is-functional-programming,What is Functional Programming,349,False,"'functional':3A,7B,9B 'is':2A,6B 'programming':4A,8B,10B 'what':1A,5B",public,en,False,,False,False,,,,False
410,2019-08-20 10:30:43.571 +0900,2020-08-26 13:52:56.506 +0900,website-ux,Website UX,403,False,"'/how-to-improve-your-websites-ux-design-for-maximum-conversion-rate-d93956c6e8ce':5B 'medium.theuxblog.com':4B 'medium.theuxblog.com/how-to-improve-your-websites-ux-design-for-maximum-conversion-rate-d93956c6e8ce':3B 'ux':2A,6B 'website':1A",public,en,False,,False,False,,,,False
1107,2020-09-03 18:18:25.335 +0900,2020-09-03 18:19:14.538 +0900,픽이-뭔가요,픽이 뭔가요?,559,False,'뭔가요':2A '픽이':1A,public,ko,False,,False,False,,,,False
407,2019-08-10 16:39:43.952 +0900,2020-08-26 13:52:56.543 +0900,celery-in-python,Celery in Python,349,False,"'celery':1A,4B,7B 'in':2A,5B 'python':3A,6B",public,en,False,,False,False,,,,False
406,2019-08-10 14:41:57.043 +0900,2020-08-26 13:52:56.569 +0900,free-website-speed-test-tools,Free Website Speed Test Tools,349,False,"'free':1A,6B,11B 'speed':3A,8B,13B 'test':4A,9B,14B 'tools':5A,10B,15B 'website':2A,7B,12B",public,en,False,,False,False,,,,False
404,2019-08-08 16:36:59.826 +0900,2020-08-26 13:52:56.590 +0900,nginx-matome,Nginx Matome,349,False,"'advanced':3B 'matome':2A 'nginx':1A,4B,5B",public,en,False,,False,False,,,,False
403,2019-08-05 10:38:14.820 +0900,2020-08-26 13:52:56.594 +0900,전라남도-나주혁신도시-창업-리소스,전라남도 나주혁신도시 창업 리소스,17,False,"'기업':13B '나주':11B '나주혁신도시':2A '나주혁신도시의':6B '리소스':4A,8B '모음':10B '벤처':12B '전라남도':1A,5B,16B '정보':9B '창업':3A,7B,15B '혁신도시':14B",public,ko,False,,False,False,,,,False
402,2019-08-05 10:06:30.620 +0900,2020-08-26 13:52:56.604 +0900,grad-school-reserach,Grad School Reserach,400,False,"'grad':1A 'mba':4B,7B 'mban':6B 'reserach':3A 'school':2A 'vs':5B",public,en,False,,False,False,,,,False
401,2019-08-03 05:40:13.741 +0900,2020-08-26 13:52:56.613 +0900,shortcuts-for-macbook-beginners,Shortcuts for Macbook beginners,349,False,"'beginners':4A,8B 'for':2A,6B 'mac':9B 'macbook':3A,7B 'shortcuts':1A,5B",public,en,False,,False,False,,,,False
400,2019-08-01 08:59:26.100 +0900,2020-08-26 13:52:56.616 +0900,논문-레퍼런스-참고문헌-정리-프로그램-모음,논문 레퍼런스 (참고문헌) 정리 프로그램 모음,17,False,"'각종':10B '논문':1A,11B,15B '레퍼런스':2A,17B '모음':6A,14B '서비스':8B '소프트웨어':13B,16B '작성용':12B '정리':4A '참고문헌':3A '참고영':9B '프로그램':5A '피큐레잇':7B",public,ko,False,,False,False,,,,False
399,2019-07-30 19:38:36.671 +0900,2020-08-26 13:52:56.627 +0900,how-to-get-and-install-old-mac-os-versions,How to get and install old Mac OS versions,349,False,"'and':4A,13B 'get':3A,12B 'how':1A,10B 'install':5A,14B 'mac':7A,16B,19B 'old':6A,15B 'os':8A,17B 'to':2A,11B 'versions':9A,18B",public,en,False,,False,False,,,,False
398,2019-07-30 16:11:34.068 +0900,2020-08-26 13:52:56.644 +0900,learning-django,Learning Django,349,False,"'django':2A,4B,5B 'learning':1A,3B",public,en,False,,False,False,,,,False
397,2019-07-30 15:49:12.796 +0900,2020-08-26 13:52:56.648 +0900,대한민국-창업-지원-제도,대한민국 창업 지원 제도,349,False,"'대한민국':1A,5B '제도':4A,8B '지원':3A,7B,10B '창업':2A,6B,9B",public,ko,False,,False,False,,,,False
396,2019-07-30 11:30:32.110 +0900,2020-08-26 13:52:56.651 +0900,모바일-오토체스,모바일 오토체스,17,False,'공략':4B '공략모음':3B '모바일':1A '오토체스':2A,public,ko,False,,False,False,,,,False
395,2019-07-29 10:10:52.651 +0900,2020-08-26 13:52:56.666 +0900,python-virtual-environments,Python Virtual Environments,349,False,"'environments':3A,6B 'python':1A,4B 'venv':7B 'virtual':2A,5B",public,en,False,,False,False,,,,False
394,2019-07-29 09:38:58.745 +0900,2020-08-26 13:52:56.677 +0900,single-page-applications,Single-Page Applications,349,False,"'applications':4A,8B 'page':3A,7B 'single':2A,6B 'single-page':1A,5B 'spa':9B",public,en,False,,False,False,,,,False
393,2019-07-29 09:22:15.417 +0900,2020-08-26 13:52:56.691 +0900,progressive-web-apps,Progressive Web Apps,349,False,"'apps':3A,6B 'progressive':1A,4B 'pwa':7B 'web':2A,5B",public,en,False,,False,False,,,,False
392,2019-07-29 09:18:15.609 +0900,2020-08-26 13:52:56.702 +0900,build-your-own-web-framework,Build your own web framework,349,False,"'build':1A,6B 'framework':5A,10B,12B 'own':3A,8B 'web':4A,9B,11B 'your':2A,7B",public,en,False,,False,False,,,,False
391,2019-07-29 09:16:06.569 +0900,2020-08-26 13:52:56.722 +0900,flexbox-101,Flexbox 101,349,False,"'101':2A,4B 'flexbox':1A,3B,5B",public,en,False,,False,False,,,,False
390,2019-07-28 10:05:47.255 +0900,2020-08-26 13:52:56.733 +0900,learning-opengl,Learning OpenGL,349,False,"'learning':1A,3B 'opengl':2A,4B,5B",public,en,False,,False,False,,,,False
389,2019-07-27 08:20:55.173 +0900,2020-08-26 13:52:56.767 +0900,environment-variables,environment variables,349,False,"'env':5B 'environment':1A,3B 'variables':2A,4B",public,en,False,,False,False,,,,False
1175,2020-09-09 21:08:23.351 +0900,2020-09-09 21:08:39.260 +0900,new-pik-here-1175,new pik here,560,False,'here':3A 'new':1A 'pik':2A,private,ko,False,,False,False,,,,False
964,2020-01-04 06:55:26.933 +0900,2020-08-26 13:52:55.904 +0900,피큐레잇이-참고할-ma-참고자료들-모음,피큐레잇이 참고할 M&A 참고자료들 모음,49,False,"'a':4A,10B 'm':3A,9B '금액':14B '뉴스':13B '모음':6A,12B '참고자료들':5A,11B '참고할':2A,8B '피큐레잇':15B '피큐레잇이':1A,7B '합병':16B",public,ko,False,498.0,False,False,,,,False
944,2020-08-18 21:11:07.646 +0900,2020-08-26 13:52:54.370 +0900,스타트업-지분구성-전략의-모든것,스타트업 지분구성 전략의 모든것,49,False,'모든것':4A '스타트업':1A '전략의':3A '지분구성':2A,private,ko,False,,False,False,,,,False
910,2020-08-17 09:27:21.392 +0900,2020-08-26 13:52:54.504 +0900,피큐레잇-복지의-모든것,[피큐레잇] 복지의 모든것,49,False,'모든것':3A '복지의':2A '피큐레잇':1A,public,ko,False,,False,False,,,,False
843,2020-07-10 15:27:47.244 +0900,2020-08-26 13:52:54.787 +0900,my-first-website,My first website,420,False,'first':2A 'my':1A 'website':3A,private,en,False,,False,False,,,,False
3164,2021-07-16 15:32:27.366 +0900,2021-07-16 15:32:53.736 +0900,1234,1234,971,False,,private,en,False,,True,False,,,,False
675,2020-05-06 17:26:33.631 +0900,2020-08-26 13:52:55.195 +0900,new-pik-here-675,new pik here,445,False,'here':3A 'new':1A 'pik':2A,public,en,False,,False,False,,,,False
965,2020-01-06 05:32:50.110 +0900,2020-08-26 13:52:55.899 +0900,피큐레잇의-ceo로서-읽어보면-좋은-글들-모음,피큐레잇의 CEO로서 읽어보면 좋은 글들 모음,49,False,"'ceo로서':2A,8B '글':15B '글들':5A,11B '모음':6A,12B,13B '읽어보면':3A,9B '좋은':4A,10B,14B '피큐레잇':16B '피큐레잇의':1A,7B",public,ko,False,499.0,False,False,,,,False
388,2019-07-25 12:53:27.569 +0900,2020-08-26 13:52:56.776 +0900,which-mac-os-version-is-best-for-programming-in-2019,Which Mac OS version is best for programming in 2019,349,False,"'2019':10A 'best':6A,15B 'for':7A,16B 'in':9A 'is':5A,14B 'mac':2A,12B,18B 'os':3A,13B,19B 'programming':8A,17B 'version':4A 'which':1A,11B",public,en,False,,False,False,,,,False
387,2019-07-25 12:44:04.812 +0900,2020-08-26 13:52:56.791 +0900,macbook-os-clean-install-vs-update,MacBook OS: Clean install vs Update,349,False,"'clean':3A,9B 'install':4A,10B 'macbook':1A,7B,13B 'os':2A,8B 'update':6A,12B 'vs':5A,11B",public,en,False,,False,False,,,,False
386,2019-07-25 12:38:45.702 +0900,2020-08-26 13:52:56.797 +0900,things-to-check-before-buying-a-second-hand-macbook,Things to check before buying a second hand MacBook,349,False,"'a':6A 'before':4A,13B 'buying':5A,14B 'check':3A,12B 'hand':8A,16B 'macbook':9A,17B,18B 'second':7A,15B 'things':1A,10B 'to':2A,11B",public,en,False,,False,False,,,,False
385,2019-07-25 07:01:00.738 +0900,2020-08-26 13:52:56.838 +0900,nginx-supervisor-gunicorn,"Nginx, Supervisor, Gunicorn",349,False,"'gunicorn':3A,6B,8B 'nginx':1A,4B,7B 'supervisor':2A,5B,9B",public,en,False,,False,False,,,,False
384,2019-07-25 05:25:29.479 +0900,2020-08-26 13:52:56.859 +0900,cicd-pipeline,CI/CD pipeline,349,False,"'ci/cd':1A,3B,5B 'pipeline':2A,4B,6B",public,en,False,,False,False,,,,False
383,2019-07-23 21:17:22.889 +0900,2020-08-26 13:52:56.868 +0900,tcpip,TCP/IP,349,False,"'tcp/ip':1A,2B,3B",public,en,False,,False,False,,,,False
382,2019-07-23 15:05:55.046 +0900,2020-08-26 13:52:56.911 +0900,infrastructure-as-code,Infrastructure as Code,349,False,"'as':2A,5B 'code':3A,6B 'ias':7B 'infrastructure':1A,4B",public,en,False,,False,False,,,,False
381,2019-07-23 07:48:09.512 +0900,2020-08-26 13:52:56.918 +0900,learning-git-from-the-atlassian-tutorial,Learning Git from the Atlassian tutorial,349,False,"'atlassian':5A 'from':3A 'git':2A,8B,9B 'learning':1A,7B 'the':4A 'tutorial':6A",public,en,False,,False,False,,,,False
380,2019-07-23 06:10:59.443 +0900,2020-08-26 13:52:56.926 +0900,git-flow-best-practices,Git flow best practices,349,False,"'best':3A,7B 'flow':2A,6B 'git':1A,5B,9B 'practices':4A,8B",public,en,False,,False,False,,,,False
379,2019-07-22 13:22:17.864 +0900,2020-08-26 13:52:56.957 +0900,circleci,CircleCI,349,False,"'/wlixoh8ol-c':4B 'circleci':1A,5B 'youtu.be':3B 'youtu.be/wlixoh8ol-c':2B",public,en,False,,False,False,,,,False
378,2019-07-21 08:25:07.093 +0900,2020-08-26 13:52:56.991 +0900,multilingual-domain,Multilingual domain,349,False,"'domain':2A,4B,6B 'multilingual':1A,3B,5B",public,en,False,,False,False,,,,False
377,2019-07-21 07:14:35.197 +0900,2020-08-26 13:52:57.000 +0900,how-is-a-server-os-different-than-a-desktop-os,How is a server OS different than a desktop OS?,349,False,"'a':3A,8A,13B,18B 'desktop':9A,19B 'different':6A,16B 'how':1A,11B 'is':2A,12B 'os':5A,10A,15B,20B,22B 'server':4A,14B,21B 'than':7A,17B",public,en,False,,False,False,,,,False
376,2019-07-20 09:47:59.138 +0900,2020-08-26 13:52:57.022 +0900,compare-linux-distros,Compare Linux distros,349,False,"'and':7B 'compare':1A,4B 'debian':9B 'distros':3A,6B 'linux':2A,5B,10B 'more':8B",public,en,False,,False,False,,,,False
375,2019-07-20 09:14:25.766 +0900,2020-08-26 13:52:57.034 +0900,installing-windows-7-virtual-machine-on-virtualbox,Installing Windows 7 virtual machine on VirtualBox,349,False,"'7':3A,10B,17B 'installing':1A,8B 'machine':5A,12B 'on':6A,13B 'virtual':4A,11B 'virtualbox':7A,14B,15B 'windows':2A,9B,16B",public,en,False,,False,False,,,,False
374,2019-07-20 08:50:18.731 +0900,2020-08-26 13:52:57.052 +0900,linux-in-depth,Linux in depth,349,False,"'depth':3A,6B 'in':2A,5B 'linux':1A,4B,7B",public,en,False,,False,False,,,,False
373,2019-07-20 08:17:47.351 +0900,2020-08-26 13:52:57.066 +0900,docker-for-beginners,Docker for beginners,349,False,"'beginners':3A,6B 'docker':1A,4B,7B 'for':2A,5B",public,en,False,,False,False,,,,False
372,2019-07-19 08:21:14.632 +0900,2020-08-26 13:52:57.070 +0900,프리랜서-개발자-구하기,프리랜서 개발자 구하기,349,False,"'개발자':2A,5B,8B '구하기':3A,6B '프리랜서':1A,4B,7B",public,ko,False,,False,False,,,,False
371,2019-07-19 06:35:36.280 +0900,2020-08-26 13:52:57.073 +0900,서울대-창업-입주,서울대 창업 입주,349,False,"'서울대':1A,4B,7B '입주':3A,6B,9B '창업':2A,5B,8B",public,ko,False,,False,False,,,,False
370,2019-07-18 03:02:40.771 +0900,2020-08-26 13:52:57.084 +0900,hyper-v-on-windows,Hyper-V on Windows,349,False,"'and':13B 'hyper':2A,11B,19B 'hyper-v':1A,10B,18B 'i':6B 'instead':17B 'not':8B 'on':4A 'oracle':15B 'recommend':7B 'use':14B 'using':9B 'v':3A,12B,20B 'virtualbox':16B 'windows':5A",public,en,False,,False,False,,,,False
369,2019-07-17 19:46:43.236 +0900,2020-08-26 13:52:57.089 +0900,nginx-with-gunicorn-and-supervisor,Nginx with Gunicorn and Supervisor,349,False,"'and':4A,9B 'gunicorn':3A,8B,12B 'nginx':1A,6B,11B 'supervisor':5A,10B,13B 'with':2A,7B",public,en,False,,False,False,,,,False
368,2019-07-17 19:45:08.260 +0900,2020-08-26 13:52:57.119 +0900,set-environment-variables,Set environment variables,349,False,"'environment':2A,5B,7B 'set':1A,4B 'variables':3A,6B,8B",public,en,False,,False,False,,,,False
367,2019-07-17 19:43:24.885 +0900,2020-08-26 13:52:57.128 +0900,ansible-explained,Ansible explained,349,False,"'ansible':1A,3B,5B 'explained':2A,4B",public,en,False,,False,False,,,,False
366,2019-07-17 19:39:10.874 +0900,2020-08-26 13:52:57.165 +0900,gunicorn,Gunicorn,349,False,"'gunicorn':1A,2B,3B",public,en,False,,False,False,,,,False
364,2019-07-16 07:05:39.278 +0900,2020-08-26 13:52:57.238 +0900,7-best-bookmark-managers,7 Best Bookmark Managers,58,False,"'7':1A 'a':22B,47B,55B 'add':81B,99B 'added':17B 'age':66B 'ago':57B 'and':13B,58B 'behemoth':23B 'being':16B 'best':2A 'bookmark':3A,91B 'bookmarks':45B 'browser':98B 'browser-add-on':97B 'browsers':6B 'century':56B 'constantly':8B 'content':14B 'crowd':96B 'data':33B,86B 'do':26B 'even':63B 'evolved':9B 'favorite':40B 'handle':28B 'handling':84B 'has':71B 'have':7B 'how':25B 'in':64B 'indispensable':62B 'inflow':31B 'internet':69B 'is':15B,76B 'large':30B 'made':72B 'managers':4A,95B 'means':36B 'medieval':51B 'more':53B 'now':61B 'of':32B,43B,67B,85B 'on':21B,87B,100B 'organize':38B,93B 'our':83B 'out':42B 'over':10B 'past':52B 'proper':35B 're':60B 'scale':24B 'simplicity':78B 'since':49B 'so':74B 'social':90B 'such':29B 'than':54B 'that':79B 'the':11B,19B,50B,65B,68B,77B,88B 'them':44B,73B 'they':59B,80B 'thing':48B 'to':18B,37B,82B 'vital':75B 'web':5B,20B,89B,92B 'webpages':41B,94B 'were':46B 'what':70B 'without':34B 'years':12B 'you':27B 'your':39B",public,en,False,,False,False,,,,False
966,2020-01-09 17:10:06.492 +0900,2020-08-26 13:52:55.822 +0900,서울에서-릴렉스-옵션들-모음,서울에서 릴렉스 옵션들 모음,49,False,"'릴렉스':2A,6B,12B '모음':4A,8B,9B '서울':10B '서울에서':1A,5B '옵션':11B '옵션들':3A,7B",public,ko,False,500.0,False,False,,,,False
359,2019-07-14 14:05:47.050 +0900,2020-08-26 13:52:57.307 +0900,aws-vpc-virtual-private-cloud,AWS VPC (Virtual Private Cloud),349,False,"'aws':1A,6B 'cloud':5A 'private':4A 'virtual':3A 'vpc':2A,7B,8B",public,en,False,493.0,False,False,,,,False
360,2019-07-14 14:10:47.972 +0900,2020-08-26 13:52:57.272 +0900,install-and-configure-apache-on-ubuntu,Install and configure Apache on Ubuntu,349,False,"'and':2A,8B 'apache':4A,10B,14B 'configure':3A,9B 'install':1A,7B 'on':5A,11B 'ubuntu':6A,12B,13B",public,en,False,494.0,False,False,,,,False
962,2019-12-12 19:15:38.030 +0900,2020-08-26 16:38:27.675 +0900,피큐레잇-창업멤버-고용-인재-관련-정보,"피큐레잇 창업멤버, 고용, 인재 관련 정보",49,False,'고용':3A '관련':5A '인재':4A '정보':6A '창업멤버':2A '피큐레잇':1A,public,ko,False,496.0,False,False,,,,False
256,2019-06-05 01:58:40.032 +0900,2020-08-26 13:52:58.470 +0900,pr-contents-of-pikurate,PR contents of Pikurate,17,False,"'collection':5B 'contents':2A,8B,13B 'of':3A,6B,9B 'pikurate':4A,10B,12B 'pr':1A,7B,11B",public,en,False,,False,False,,,,False
24533,2022-09-15 17:43:07.979 +0900,2022-09-15 17:43:07.982 +0900,lg,lg,7314,False,,public,en,False,,False,False,,,,False
986,2020-03-05 18:57:57.663 +0900,2020-08-26 13:52:55.667 +0900,henry-와-leo의-코칭-참고자료들,Henry 와 Leo의 코칭 참고자료들,49,False,"'henry':1A 'leo의':3A '각종':9B '나눴던':8B '동안':7B '모음':11B '와':2A '자료들':10B '참고자료':12B '참고자료들':5A '코칭':4A,13B '코칭세션':6B '피큐레잇':14B",public,ko,False,520.0,False,False,,,,False
987,2020-03-05 19:14:34.038 +0900,2020-08-26 13:52:55.654 +0900,websites-for-desk-research,websites for desk research,530,False,"'desk':3A 'for':2A 'research':4A,13B 'websites':1A '검색':11B '데스크':6B '리서치':7B '사이트들':12B '우리나라에서':5B '필요한':9B '학술정보':10B '할때':8B",public,en,False,521.0,False,False,,,,False
988,2020-03-07 04:56:37.795 +0900,2020-08-26 13:52:55.644 +0900,free-ppt-templates-for-pitch-decks,Free PPT Templates for Pitch Decks,349,False,"'decks':6A,12B,14B 'for':4A,10B 'free':1A,7B 'pitch':5A,11B,13B 'ppt':2A,8B 'templates':3A,9B",public,en,False,522.0,False,False,,,,False
911,2020-08-17 09:35:39.057 +0900,2020-08-26 13:52:54.500 +0900,피큐레잇-업무관련-사이트-모음,[피큐레잇] 업무관련 사이트 모음,49,False,'모음':4A '사이트':3A '업무관련':2A '피큐레잇':1A,private,ko,False,,False,False,,,,False
844,2020-07-10 15:32:04.837 +0900,2020-08-26 13:52:54.780 +0900,my-php-story,My PHP story,420,False,'my':1A 'php':2A 'story':3A,private,en,False,,False,False,,,,False
783,2020-06-04 07:08:55.051 +0900,2020-08-26 13:52:54.924 +0900,송석규-2020년-6월-큐레이션,송석규 2020년 6월 큐레이션,49,False,'2020년':2A '6월':3A '송석규':1A '큐레이션':4A,public,ko,False,,False,False,,,,False
703,2020-05-08 14:48:12.845 +0900,2020-08-26 13:52:55.162 +0900,송석규-x-황덕하-아이디어-공유,송석규 x 황덕하 아이디어 공유,459,False,'x':2A '공유':5A '송석규':1A '아이디어':4A '황덕하':3A,public,ko,False,,False,False,,,,False
1177,2020-09-09 23:36:43.921 +0900,2020-09-09 23:36:43.923 +0900,inbox,inbox,570,False,'inbox':1A,private,en,False,,False,False,,,,False
363,2019-07-16 06:19:14.891 +0900,2020-08-26 13:52:57.250 +0900,how-to-make-a-platform-having-great-uxui-for-startup,How to make a platform having great UX/UI for startup,17,False,"'a':4A 'about':12B 'especially':14B 'experice':22B 'for':9A,15B 'great':7A 'having':6A 'how':1A 'make':3A 'platform':5A,18B 'reserach':11B 'startup':10A,17B 'startups':16B 'to':2A 'ui':20B 'user':19B 'ux':21B 'ux/ui':8A,13B",public,en,False,,False,False,,,,False
362,2019-07-16 06:06:54.531 +0900,2020-08-26 13:52:57.258 +0900,run-a-django-app-on-ubuntudebian,Run a Django app on Ubuntu/Debian,349,False,"'a':2A,8B 'app':4A,10B 'django':3A,9B 'gunicorn':12B,16B 'in':13B 'nginx':15B 'on':5A 'run':1A,7B 'supervisor':17B 'ubuntu':14B 'ubuntu/debian':6A 'with':11B",public,en,False,,False,False,,,,False
361,2019-07-14 15:55:06.043 +0900,2020-08-26 13:52:57.264 +0900,the-iconic-monnin-watch-case,The Iconic Monnin Watch Case,322,False,"'0.20':100B '0.21':56B '0.25':74B '0.70':98B '0.90':49B,54B,72B,92B '1.00':84B,88B,89B '1.20':67B,96B '1.40':52B '1.50':70B '2.04':46B '2.20':64B '2.57':81B '2879':59B '4611a':41B '5':95B '5.35':61B '5.51':43B '844':13B '955.112':79B 'a':29B 'about':32B 'adapter':86B 'adapting':76B 'all':8B 'base':31B 'bezel':18B 'build':28B 'case':5A,16B,36B 'ebauche':40B 'eta':58B,78B 'for':7B 'france':39B 'h':42B,60B,80B 'hands':51B,69B,94B 'height':23B 'hope':25B 'iconic':2A 'is':26B 'knowledge':30B 'material':9B 'mm':44B,47B,50B,57B,62B,65B,68B,75B,82B,85B,90B,93B,101B 'monnin':3A,14B,103B 'most':34B 'movement':20B 'movements':38B 'needs':83B 'pertaining':10B 'search':6B 'size':21B 'stem':22B 't':45B,63B,87B 'tagheuer':102B 'the':1A,12B,24B,33B,77B 'to':11B,27B 'types':19B 'variations':17B 'version':37B 'watch':4A,15B 'widespread':35B 'x':53B,55B,71B,73B,97B,99B 'ø':48B,66B,91B",public,en,False,,False,False,,,,False
357,2019-07-14 09:14:29.147 +0900,2020-08-26 13:52:57.351 +0900,spark-vs-hadoop,Spark vs Hadoop,349,False,"'hadoop':3A,6B,7B 'spark':1A,4B,8B 'vs':2A,5B",public,en,False,,False,False,,,,False
356,2019-07-14 08:40:05.657 +0900,2020-08-26 13:52:57.359 +0900,what-is-kubernetes-and-how-to-use-it,What is Kubernetes and how to use it,349,False,"'and':4A,12B 'how':5A,13B 'is':2A,10B 'it':8A,16B 'kubernetes':3A,11B,17B 'to':6A,14B 'use':7A,15B 'what':1A,9B",public,en,False,,False,False,,,,False
355,2019-07-14 08:35:14.884 +0900,2020-08-26 13:52:57.388 +0900,cloud-native,Cloud-native,349,False,"'cloud':2A,5B,8B 'cloud-native':1A,4B,7B 'native':3A,6B,9B",public,en,False,,False,False,,,,False
353,2019-07-13 06:44:52.454 +0900,2020-08-26 13:52:57.419 +0900,apache-vs-nginx,Apache vs Nginx,349,False,"'apache':1A,4B,8B 'nginx':3A,6B,7B 'vs':2A,5B",public,en,False,,False,False,,,,False
352,2019-07-13 06:36:46.902 +0900,2020-08-26 13:52:57.425 +0900,setup-the-server-on-the-ec2-instance,Setup the server on the EC2 instance,349,False,"'ec2':6A,13B,15B 'instance':7A,14B 'on':4A,11B 'server':3A,10B 'setup':1A,8B 'the':2A,5A,9B,12B",public,en,False,,False,False,,,,False
351,2019-07-12 15:49:43.519 +0900,2020-08-26 13:52:57.471 +0900,optimization,Optimization,349,False,"'optimization':1A,2B,3B",public,en,False,,False,False,,,,False
350,2019-07-12 14:15:24.882 +0900,2020-08-26 13:52:57.480 +0900,how-to-fetch-data-from-an-s3-bucket,How to fetch data from an S3 bucket?,349,False,"'an':6A,14B 'bucket':8A,16B 'data':4A,12B 'fetch':3A,11B 'from':5A,13B 'how':1A,9B 's3':7A,15B,17B 'to':2A,10B",public,en,False,,False,False,,,,False
349,2019-07-12 03:40:37.667 +0900,2020-08-26 13:52:57.490 +0900,how-to-login-into-ec2-instance,How to login into EC2 instance,349,False,"'ec2':5A,11B,15B 'how':1A,7B 'instancc':12B 'instance':6A,16B 'into':4A,10B,14B 'login':3A,9B,13B 'to':2A,8B",public,en,False,,False,False,,,,False
348,2019-07-12 03:17:48.272 +0900,2020-08-26 13:52:57.496 +0900,how-to-change-the-key-pair-on-ec2,How to change the key pair on EC2,349,False,"'change':3A,11B 'ec2':8A,16B,17B 'how':1A,9B 'key':5A,13B,18B 'on':7A,15B 'pair':6A,14B,19B 'the':4A,12B 'to':2A,10B",public,en,False,,False,False,,,,False
347,2019-07-12 00:19:47.455 +0900,2020-08-26 13:52:57.502 +0900,how-to-manually-edit-the-right-click-menu-in-windows,How to Manually Edit the Right Click Menu in Windows,349,False,"'click':7A,13B 'context':16B,18B 'edit':4A 'how':1A 'in':9A 'manually':3A 'menu':8A,14B,17B,19B 'right':6A,12B 'the':5A,11B,15B 'to':2A 'windows':10A,20B",public,en,False,,False,False,,,,False
346,2019-07-11 12:51:20.095 +0900,2020-08-26 13:52:57.532 +0900,demistify-devops,Demistify DevOps,349,False,"'aims':4B 'and':20B 'at':5B 'between':18B 'bridging':15B 'demistify':1A 'dev':19B 'devops':2A,3B,23B 'gap':17B 'it':10B 'most':12B 'of':8B 'one':7B 'ops':21B 'people':22B 'problems':14B 's':11B 'significant':13B 'solving':6B 'the':9B,16B",public,en,False,,False,False,,,,False
345,2019-07-09 08:41:06.412 +0900,2020-08-26 13:52:57.536 +0900,인공지능-개발연구-사례,인공지능 개발/연구 사례,349,False,"'개발':2A,6B '사례':4A,8B '연구':3A,7B '인공지능':1A,5B,11B '자료':10B '한국어':9B",public,ko,False,,False,False,,,,False
1215,2020-09-11 13:13:38.613 +0900,2020-09-11 13:13:38.615 +0900,피큐레잇-알고리즘-고도화-프로젝트,[피큐레잇] 알고리즘 고도화 프로젝트,49,False,'고도화':3A '알고리즘':2A '프로젝트':4A '피큐레잇':1A,public,ko,False,,False,False,,,,False
983,2020-02-26 21:37:08.880 +0900,2020-08-26 16:34:31.818 +0900,피큐레잇-플랫폼-사용-가이드,피큐레잇 플랫폼 사용 가이드,49,False,'가이드':4A '사용':3A '플랫폼':2A '피큐레잇':1A,public,ko,False,517.0,False,False,,,,False
334,2019-07-03 06:05:04.513 +0900,2020-08-26 16:36:31.930 +0900,워킹홀리데이로-취업-후-비자-전환해서-영주권까지-따기-캐나다-호주,"워킹홀리데이로 취업 후 비자 전환해서 영주권까지 따기 (캐나다, 호주)",349,False,'따기':7A '비자':4A '영주권까지':6A '워킹홀리데이로':1A '전환해서':5A '취업':2A '캐나다':8A '호주':9A '후':3A,public,ko,False,,False,False,,,,False
302,2019-06-21 14:41:48.665 +0900,2020-08-26 13:52:58.049 +0900,how-do-i-know-if-i-am-infringing-on-a-patent,How do I know if I am infringing on a patent,349,False,"'a':10A,21B 'am':7A,18B 'do':2A,13B 'how':1A,12B 'i':3A,6A,14B,17B 'if':5A,16B 'infringing':8A,19B 'know':4A,15B 'on':9A,20B 'patent':11A,22B,23B",public,en,False,,False,False,,,,False
998,2020-04-03 11:34:20.076 +0900,2020-08-26 13:52:55.551 +0900,games-to-play-during-quarantine,Games to Play During Quarantine,39,False,"'/document/d/10iod7wy_yu4nmkpu7zh7ytrq11qjaanjzz0paotkhr8/preview?fbclid=iwar0sqfzlptio0_rn2yh-qqkt3dn8l-jk1dmhu3dbhejmv3i0olcag5bm8ge#heading=h.l0jngib9zs61':30B '/groups/zoommemes/permalink/272208100468669/).':22B 'add':35B 'board':41B 'by':18B 'can':34B 'collection':7B 'created':17B 'docs.google.com':29B 'docs.google.com/document/d/10iod7wy_yu4nmkpu7zh7ytrq11qjaanjzz0paotkhr8/preview?fbclid=iwar0sqfzlptio0_rn2yh-qqkt3dn8l-jk1dmhu3dbhejmv3i0olcag5bm8ge#heading=h.l0jngib9zs61':28B 'document':27B 'during':4A 'for':14B 'found':10B 'free':43B 'games':1A,39B,42B 'her':25B 'i':31B 'memes':13B 'more':36B 'nathania':19B,24B 'on':11B 'online':38B 'original':26B 'originally':9B 'play':3A 'quaranteens':16B 'quarantine':5A,40B 'self':15B 'social':44B 'thanks':23B 'this':6B 'thought':32B 'to':2A 'together':37B 'was':8B 'we':33B 'www.facebook.com':21B 'www.facebook.com/groups/zoommemes/permalink/272208100468669/).':20B 'zoom':12B",public,en,False,532.0,False,False,,,,False
946,2020-08-19 18:55:24.502 +0900,2020-08-26 13:52:54.367 +0900,팁스-운영사-스파크랩의-모든-것,팁스 운영사 스파크랩의 모든 것,49,False,'것':5A '모든':4A '스파크랩의':3A '운영사':2A '팁스':1A,public,ko,False,,False,False,,,,False
912,2020-08-17 09:37:43.142 +0900,2020-08-26 13:52:54.497 +0900,송석규-엔터테인용-사이트-모음,[송석규] 엔터테인용 사이트 모음,49,False,'모음':4A '사이트':3A '송석규':1A '엔터테인용':2A,private,ko,False,,False,False,,,,False
845,2020-07-10 17:18:52.628 +0900,2020-08-26 13:52:54.738 +0900,아자,아자,19,False,'아자':1A,public,ko,False,,False,False,,,,False
704,2020-05-08 17:55:35.337 +0900,2020-08-26 13:52:55.158 +0900,코딩-배우기,코딩 배우기,49,False,'배우기':2A '코딩':1A,private,ko,False,,False,False,,,,False
641,2020-04-24 17:54:35.424 +0900,2020-08-26 13:52:55.378 +0900,pikurate-mobile-app-development-project,[Pikurate] mobile app development project,49,False,'here':3A 'new':1A 'pik':2A,public,en,False,,False,False,,,,False
344,2019-07-09 00:54:18.777 +0900,2020-08-26 13:52:57.542 +0900,how-to-choose-the-best-i-phone,How to choose the best i-Phone,17,False,"'80':21B 'best':5A,15B,29B 'choose':3A 'find':13B 'for':19B 'granma':24B 'granmma':25B 'how':1A 'i':7A,9B,17B,27B 'i-phone':6A,16B,26B 'm':10B 'my':20B 'old':23B 'phone':8A,18B,28B 'the':4A,14B 'to':2A,12B 'trying':11B 'years':22B",public,en,False,,False,False,,,,False
343,2019-07-07 23:25:50.657 +0900,2020-08-26 13:52:57.554 +0900,choosing-a-ductless-mini-split-air-conditioner,Choosing a ductless mini split air conditioner,363,False,'/reviews/the-best-ductless-mini-split-air-conditioner/':10B 'a':2A 'air':6A 'airconditioner':11B 'choosing':1A 'conditioner':7A 'ductless':3A 'mini':4A 'split':5A 'thewirecutter.com':9B 'thewirecutter.com/reviews/the-best-ductless-mini-split-air-conditioner/':8B,public,en,False,,False,False,,,,False
342,2019-07-07 23:22:33.371 +0900,2020-08-26 13:52:57.586 +0900,best-gluten-free-restaurants-in-boston,Best gluten-free restaurants in Boston,363,False,"'/maps/gluten-free-restaurants-boston':10B 'best':1A 'boston':7A 'boston.eater.com':9B 'boston.eater.com/maps/gluten-free-restaurants-boston':8B 'free':4A,14B 'gluten':3A,13B 'gluten-free':2A,12B 'in':6A 'restaurants':5A,11B",public,en,False,,False,False,,,,False
341,2019-07-05 08:55:01.985 +0900,2020-08-26 13:52:57.599 +0900,how-to-make-indoor-smores,How to make indoor s'mores,363,False,"'/how-to-make-smores-4-ways/':9B 'dinnerthendessert.com':8B 'dinnerthendessert.com/how-to-make-smores-4-ways/':7B 'how':1A 'indoor':4A 'make':3A 'mores':6A,11B 's':5A,10B 'to':2A",public,en,False,,False,False,,,,False
340,2019-07-04 09:03:04.917 +0900,2020-08-26 13:52:57.609 +0900,where-to-eat-pizza-in-boston,Where to eat pizza in Boston,363,False,"'/boston/restaurants/best-pizza-in-boston':9B 'boston':6A,10B 'eat':3A 'in':5A 'pizza':4A,11B 'to':2A 'where':1A 'www.timeout.com':8B 'www.timeout.com/boston/restaurants/best-pizza-in-boston':7B",public,en,False,,False,False,,,,False
339,2019-07-04 09:00:08.620 +0900,2020-08-26 13:52:57.614 +0900,best-cities-to-watch-4th-of-july-fireworks-2019,Best cities to watch 4th of July fireworks 2019,363,False,"'/travel/article/july-4-fireworks-events-2019-trnd/index.html':12B '2019':9A '4th':5A 'best':1A 'cities':2A 'fireworks':8A,13B 'july':7A 'of':6A 'to':3A 'watch':4A 'www.cnn.com':11B 'www.cnn.com/travel/article/july-4-fireworks-events-2019-trnd/index.html':10B",public,en,False,,False,False,,,,False
338,2019-07-04 01:41:27.964 +0900,2020-08-26 13:52:57.625 +0900,linear-algebra,Linear Algebra,349,False,"'algebra':2A,4B,6B 'linear':1A,3B,5B",public,en,False,,False,False,,,,False
337,2019-07-03 12:59:26.751 +0900,2020-08-26 13:52:57.633 +0900,machine-learning-explained,Machine Learning explained,349,False,"'explained':3A,6B 'learning':2A,5B,9B 'machine':1A,4B,8B 'ml':7B",public,en,False,,False,False,,,,False
336,2019-07-03 06:48:23.527 +0900,2020-08-26 13:52:57.643 +0900,support-vector-machine-svm-explained,Support Vector Machine (SVM) explained,349,False,"'explained':5A 'machine':3A,8B,12B 'support':1A,6B,10B 'svm':4A,9B 'vector':2A,7B,11B",public,en,False,,False,False,,,,False
335,2019-07-03 06:21:07.191 +0900,2020-08-26 13:52:57.650 +0900,what-is-perceptron,What is Perceptron?,349,False,"'is':2A,5B 'perceptron':3A,6B,7B 'what':1A,4B",public,en,False,,False,False,,,,False
1178,2020-09-10 09:13:05.795 +0900,2020-09-10 09:13:05.797 +0900,general,General,554,False,'general':1A,private,en,False,,False,False,,,,False
333,2019-07-03 06:03:18.032 +0900,2020-08-26 13:52:57.669 +0900,openai,OpenAI,349,False,"'ai':3B 'openai':1A,2B,4B",public,en,False,,False,False,,,,False
332,2019-07-03 02:23:40.348 +0900,2020-08-26 13:52:57.687 +0900,jcommander,JCommander,349,False,"'a':4B 'annotations':13B 'command':9B 'framework':6B 'is':3B 'java':5B 'jcommander':1A,2B,14B 'line':10B 'options':11B 'parse':8B 'to':7B 'with':12B",public,en,False,,False,False,,,,False
331,2019-07-02 09:19:18.243 +0900,2020-08-26 13:52:57.694 +0900,gof-design-patterns-with-real-life-examples,GoF Design Patterns with real life examples,349,False,"'design':2A,9B,16B 'examples':7A,14B 'gof':1A,8B,15B 'life':6A,13B 'patterns':3A,10B,17B 'real':5A,12B 'with':4A,11B",public,en,False,,False,False,,,,False
330,2019-07-02 08:25:11.817 +0900,2020-08-26 13:52:57.712 +0900,java-terminology,Java terminology,349,False,"'java':1A,3B,5B 'terminology':2A,4B,6B",public,en,False,,False,False,,,,False
329,2019-07-02 08:19:11.154 +0900,2020-08-26 13:52:57.724 +0900,apache-maven-tutorial,Apache Maven Tutorial,349,False,"'apache':1A,7B 'how':4B 'maven':2A,8B,9B 'to':5B 'tutorial':3A 'use':6B",public,en,False,,False,False,,,,False
327,2019-06-30 14:14:51.501 +0900,2020-08-26 13:52:57.739 +0900,ubuntu-1804,Ubuntu 18.04,349,False,"'18.04':2A 'ubuntu':1A,3B,4B",public,en,False,,False,False,,,,False
326,2019-06-30 04:10:20.553 +0900,2020-08-26 13:52:57.770 +0900,nodejs-libraries,NodeJS Libraries,349,False,"'libraries':2A,4B 'nodejs':1A,3B,5B",public,en,False,,False,False,,,,False
325,2019-06-29 02:24:54.784 +0900,2020-08-26 13:52:57.776 +0900,纽约最好喝的奶茶,纽约最好喝的奶茶,390,False,'奶茶':3B '纽约好喝的奶茶':2B '纽约最好喝的奶茶':1A,public,en,False,,False,False,,,,False
323,2019-06-28 09:05:29.089 +0900,2020-08-26 13:52:57.796 +0900,github-tutorial,GitHub Tutorial,349,False,"'github':1A,3B,5B 'tutorial':2A,4B,6B",public,en,False,,False,False,,,,False
1216,2020-09-11 14:45:10.067 +0900,2020-09-11 14:45:10.069 +0900,it,IT,580,False,'it':1A,private,en,False,,False,False,,,,False
996,2020-03-19 23:34:00.850 +0900,2020-08-26 13:52:55.578 +0900,스타트업이-시장조사할때-참고해야-하는-사이트-모음,스타트업이 시장조사할때 참고해야 하는 사이트 모음,49,False,"'마켓리서치':13B '모음':6A,12B,17B '사이트':5A,11B,15B '스타트업':16B '스타트업이':1A,7B '시장조사':14B '시장조사할때':2A,8B '참고':18B '참고해야':3A,9B '하는':4A,10B",public,ko,False,530.0,False,False,,,,False
947,2020-08-23 12:46:39.779 +0900,2020-08-26 13:52:54.363 +0900,packback-travel,Packback travel,420,False,'packback':1A 'travel':2A,private,en,False,,False,False,,,,False
705,2020-05-09 03:58:17.983 +0900,2020-08-26 13:52:55.154 +0900,맛집,맛집,459,False,'맛집':1A,public,ko,False,,False,False,,,,False
322,2019-06-28 05:55:22.087 +0900,2020-08-26 13:52:57.805 +0900,customer-success-best-practices,Customer Success - Best Practices,389,False,"'a':28B 'and':19B 'best':3A,7B,24B 'boarding':16B 'churn':21B,35B 'customer':1A,5B,11B,13B,30B 'customersuccess':33B 'expansion':17B 'focusing':9B 'for':26B 'formulating':27B 'great':29B 'note':22B 'on':10B,15B 'on-boarding':14B 'practices':4A,8B 'reducing':20B 'retention':12B 'revenue':18B 'revenuegrowth':34B 'saas':36B 'sources':25B 'strategy':32B 'success':2A,6B,31B 'the':23B",public,en,False,,False,False,,,,False
321,2019-06-27 22:23:14.665 +0900,2020-08-26 13:52:57.812 +0900,kpis-for-business-success,KPIs for Business Success,199,False,"'arrive':12B 'at':13B 'business':3A,23B,26B,29B 'business-success':25B 'contains':7B 'for':2A 'how':10B 'kpi':24B 'kpis':1A,16B,28B 'links':8B 'measure':18B 'of':21B 'on':9B 'pik':6B 'right':15B 'success':4A,20B,27B,30B 'the':14B,19B 'this':5B 'to':11B,17B 'you':22B",public,en,False,,False,False,,,,False
320,2019-06-27 21:23:57.513 +0900,2020-08-26 13:52:57.819 +0900,which-foods-contain-vitamin-b-12,Which foods contain vitamin B-12,363,False,'-12':6A '/a-to-z-guides/vitamin-b12-deficiency-anemia#1':9B 'b':5A 'contain':3A 'foods':2A 'healthyeating':12B 'vitamin':4A 'vitaminb12':11B 'vitamins':10B 'which':1A 'www.webmd.com':8B 'www.webmd.com/a-to-z-guides/vitamin-b12-deficiency-anemia#1':7B,public,en,False,,False,False,,,,False
319,2019-06-27 21:19:23.148 +0900,2020-08-26 13:52:57.824 +0900,what-is-the-meaning-of-darth,What is the meaning of Darth?,363,False,"'/entry/you-probably-think-you-know-the-meaning-of-darth-vader_b_5a0c97a0e4b06d8966cf3456':9B 'darth':6A,10B 'darthvader':12B 'is':2A 'meaning':4A 'of':5A 'startrek':11B 'the':3A 'what':1A 'www.huffpost.com':8B 'www.huffpost.com/entry/you-probably-think-you-know-the-meaning-of-darth-vader_b_5a0c97a0e4b06d8966cf3456':7B",public,en,False,,False,False,,,,False
318,2019-06-27 00:25:20.387 +0900,2020-08-26 13:52:57.842 +0900,travel-to-cape-cod,Travel to Cape Cod,349,False,"'cape':3A,7B,9B 'cod':4A,8B,10B 'to':2A,6B 'travel':1A,5B",public,en,False,,False,False,,,,False
317,2019-06-26 20:29:46.339 +0900,2020-08-26 13:52:57.856 +0900,vocal-recording-studios-in-boston-ma,"Vocal Recording Studios in Boston, MA",388,False,"'a':36B 'and':26B,33B 'area':18B 'basic':13B 'boston':5A,17B,45B 'cartoon':39B 'children':37B 'compare':23B 'dubbing':34B,44B 'for':12B,28B,35B 'i':7B,19B 'in':4A,15B 'including':31B 'like':21B 'ma':6A 'music':32B 'pricing':27B 'projects':30B 'recording':2A,10B,29B 'recordings':14B 's':38B 'seek':8B 'services':25B 'show':41B 'studio':42B 'studios':3A,11B 'the':16B,24B 'to':22B 'tv':40B 'vocal':1A,9B,43B 'would':20B",public,en,False,,False,False,,,,False
316,2019-06-26 12:56:10.551 +0900,2020-08-26 13:52:57.869 +0900,open-street-map-osm,Open Street Map (OSM),349,False,"'map':3A,7B,10B 'open':1A,5B,8B 'osm':4A 'street':2A,6B,9B",public,en,False,,False,False,,,,False
315,2019-06-26 03:50:48.988 +0900,2020-08-26 13:52:57.878 +0900,deploy-c-api-for-performance,Deploy C++ API for Performance,349,False,"'api':3A,8B,12B 'c':2A,7B,11B 'deploy':1A,6B 'for':4A,9B 'performance':5A,10B",public,en,False,,False,False,,,,False
314,2019-06-26 03:41:28.412 +0900,2020-08-26 13:52:57.912 +0900,a-beginners-guide-to-aws,A beginner's guide to AWS,349,False,"'a':1A,7B 'aws':6A,12B,13B 'beginner':2A,8B,15B 'guide':4A,10B,14B 's':3A,9B 'to':5A,11B",public,en,False,,False,False,,,,False
313,2019-06-26 02:36:14.293 +0900,2020-08-26 13:52:57.919 +0900,backend-with-heavy-computation,Backend with Heavy Computation,349,False,"'and':11B 'backend':1A,14B,20B 'best':17B 'computation':4A,22B 'compute':12B 'decouple':9B 'do':5B 'fits':16B 'for':18B 'heavy':3A,21B 'i':6B 'me':19B 'need':7B 'storage':10B 'technology':15B 'to':8B 'what':13B 'with':2A",public,en,False,,False,False,,,,False
312,2019-06-26 00:21:59.033 +0900,2020-08-26 13:52:57.927 +0900,how-to-measure-customer-success,How to measure customer success,17,False,"'basic':10B 'customer':4A 'how':1A 'kpi':12B 'kpis':11B 'measure':3A 'success':5A 'the':9B 'to':2A,7B 'trying':6B 'understand':8B",public,en,False,,False,False,,,,False
311,2019-06-25 15:00:33.970 +0900,2020-08-26 13:52:57.932 +0900,what-is-the-cheapest-way-to-ship-internationally,What is the cheapest way to ship internationally?,349,False,"'cheapest':4A,12B,20B 'internationally':8A,16B,24B 'is':2A,10B,18B 'ship':7A,15B,23B 'the':3A,11B,19B 'to':6A,14B,22B 'way':5A,13B,21B 'what':1A,9B,17B",public,en,False,,False,False,,,,False
310,2019-06-25 13:21:53.929 +0900,2020-08-26 13:52:57.938 +0900,can-i-work-abroad-on-opt,Can I work abroad on OPT?,349,False,"'abroad':4A,10B,13B 'can':1A,7B 'i':2A,8B 'on':5A,11B 'opt':6A,12B,15B 'work':3A,9B,14B",public,en,False,,False,False,,,,False
309,2019-06-24 00:59:50.574 +0900,2020-08-26 13:52:57.948 +0900,meditation-and-mindfulness,Meditation and Mindfulness,199,False,"'a':18B 'and':2A,12B,14B 'daily':22B 'get':8B 'help':6B 'it':17B 'links':4B 'lives':23B 'make':16B 'meditation':1A,11B,24B 'mindfulness':3A,13B,25B 'of':20B 'part':19B 'people':7B 'started':9B 'their':21B 'then':15B 'to':5B 'with':10B",public,en,False,,False,False,,,,False
308,2019-06-24 00:56:45.525 +0900,2020-08-26 13:52:57.964 +0900,self-grooming-for-guys,Self-Grooming for Guys,199,False,"'and':13B 'better':15B 'boys':16B 'can':11B 'dress':14B 'for':4A 'grooming':3A,21B 'guys':5A,10B,18B 'how':8B 'look':12B 'men':17B 'on':7B 'self':2A,20B 'self-grooming':1A,19B 'the':9B 'tips':6B",public,en,False,,False,False,,,,False
307,2019-06-24 00:56:08.393 +0900,2020-08-26 13:52:57.974 +0900,python-built-in-modules,Python Built-in Modules,349,False,"'built':3A,8B,13B 'built-in':2A,7B,12B 'in':4A,9B,14B 'modules':5A,10B,15B 'python':1A,6B,11B",public,en,False,,False,False,,,,False
306,2019-06-24 00:54:58.972 +0900,2020-08-26 13:52:58.008 +0900,personal-finance,Personal Finance,199,False,"'and':6B 'basics':5B 'better':12B 'finance':2A,15B,16B 'finances':11B 'habits':7B 'handle':9B 'learn':3B 'personal':1A,10B,14B 'personal-finance':13B 'the':4B 'to':8B",public,en,False,,False,False,,,,False
305,2019-06-22 10:40:39.814 +0900,2020-08-26 13:52:58.025 +0900,summer-dresses,Summer Dresses,18,False,"'-150':11B '40':10B 'a':22B 'affordable':7B 'and':19B,31B 'are':13B 'body':24B 'breezy':27B 'by':26B 'design':36B 'designs':30B 'dresses':2A,9B,34B 'fashion':18B,37B 'fast':17B 'feminine':29B 'fit':21B 'floral':35B 'for':6B 'good':14B 'i':3B 'inspired':25B 'looking':5B 'm':4B 'no':16B 'patterns':33B 'petite':23B 'quality':15B 'summer':1A,8B,38B 'that':12B 'unique':32B 'vintage':28B 'will':20B",public,en,False,,False,False,,,,False
304,2019-06-22 09:53:26.682 +0900,2020-08-26 13:52:58.036 +0900,linux-command,Linux Command,349,False,"'command':2A 'commands':5B 'linux':1A,3B,4B",public,en,False,,False,False,,,,False
303,2019-06-22 09:33:21.458 +0900,2020-08-26 13:52:58.043 +0900,can-an-f-1-student-in-the-us-work-remotely-on-line,Can an F-1 student in the US work remotely on-line?,349,False,"'-1':4A,17B,28B 'an':2A,15B 'can':1A,14B 'f':3A,16B,27B 'in':6A,19B 'line':13A,26B 'on':12A,25B 'on-line':11A,24B 'remotely':10A,23B 'student':5A,18B 'the':7A,20B 'us':8A,21B 'work':9A,22B",public,en,False,,False,False,,,,False
272,2019-06-14 23:16:29.282 +0900,2020-08-26 13:52:58.319 +0900,한글-테스트,한글 테스트,17,False,"'테스트':2A,4B,5B '한글':1A,3B,6B",public,ko,False,,False,False,,,,False
995,2020-03-19 04:20:56.018 +0900,2020-08-26 16:38:39.213 +0900,피큐레잇-한국-투자-유치-관련-정보-모음,피큐레잇 한국 투자 유치 관련 정보 모음,49,False,'관련':5A '모음':7A '유치':4A '정보':6A '투자':3A '피큐레잇':1A '한국':2A,public,ko,False,529.0,False,False,,,,False
12709,2022-04-11 11:59:09.183 +0900,2022-04-11 11:59:09.217 +0900,헝산-가볼만한-곳-총-정리-025909-12709,헝산 가볼만한 곳 총 정리,1576,False,,public,en,False,,False,False,,,,False
847,2020-07-13 15:13:23.863 +0900,2020-08-26 13:52:54.734 +0900,viet-nam-travel,Viet Nam travel,420,False,,private,en,False,,False,False,,,,False
743,2020-05-14 15:47:00.592 +0900,2020-08-26 13:52:55.071 +0900,썰플러스-공유방,썰플러스 공유방,465,False,'공유방':2A '썰플러스':1A,public,ko,False,,False,False,,,,False
706,2020-05-09 04:01:58.979 +0900,2020-08-26 13:52:55.150 +0900,개인공간,개인공간,459,False,'개인공간':1A,private,ko,False,,False,False,,,,False
300,2019-06-21 13:12:33.443 +0900,2020-08-26 13:52:58.065 +0900,alternatives-to-google-maps-api-for-business,Alternatives to Google Maps API for Business,349,False,"'alternatives':1A,8B,15B 'api':5A,12B,19B 'business':7A,14B,21B 'for':6A,13B,20B 'google':3A,10B,17B 'maps':4A,11B,18B 'to':2A,9B,16B",public,en,False,,False,False,,,,False
299,2019-06-21 13:10:03.128 +0900,2020-08-26 13:52:58.069 +0900,죽-끓이기,죽 끓이기,349,False,"'끓이기':2A,4B,6B '죽':1A,3B,5B",public,ko,False,,False,False,,,,False
298,2019-06-21 06:07:15.751 +0900,2020-08-26 13:52:58.075 +0900,how-to-fix-kernel-security-check-failure,How to fix kernel security check failure,349,False,"'check':6A,13B,18B 'failure':7A,14B,15B 'fix':3A,10B 'how':1A,8B 'kernel':4A,11B,17B 'security':5A,12B,16B 'to':2A,9B",public,en,False,,False,False,,,,False
296,2019-06-20 09:42:22.376 +0900,2020-08-26 13:52:58.105 +0900,pikurate이-참고할만한-창업-성공-사례,Pikurate이 참고할만한 창업 성공 사례,17,False,"'pikurate':14B 'pikurate이':1A '국내외에서':6B '모음':11B '사례':5A,10B,15B '성공':4A,12B '있는':9B '참고할만한':2A '창업':3A,13B '창업하고':8B '활발하게':7B",public,ko,False,,False,False,,,,False
293,2019-06-19 23:03:24.540 +0900,2020-08-26 13:52:58.141 +0900,wizard,wizard,191,False,"'wizard':1A,2B,3B",public,en,False,,False,False,,,,False
292,2019-06-19 22:15:11.640 +0900,2020-08-26 13:52:58.150 +0900,job-searchit-sales-managing-global,"Job search(IT, sales, managing, global)",17,False,"'global':6A,11B 'it':3A,14B 'job':1A,8B,15B 'list':9B 'managing':5A,13B 'promising':7B 'sales':4A,12B 'search':2A 'serach':10B",public,en,False,,False,False,,,,False
286,2019-06-19 06:48:09.849 +0900,2020-08-26 13:52:58.161 +0900,data-flow-digram-how-to-draw-nice-one-as-a-beginner,data flow digram (how to draw nice one as a beginner),17,False,"'a':10A 'about':13B 'as':9A 'beginner':11A 'data':1A,14B,17B 'digram':3A,16B 'draw':6A 'flow':2A,15B,18B 'how':4A 'nice':7A 'one':8A 'research':12B 'to':5A",public,en,False,,False,False,,,,False
285,2019-06-19 04:52:43.325 +0900,2020-08-26 13:52:58.165 +0900,이민생활-이모저모,이민생활 이모저모,17,False,"'관련':8B '미국':3B,11B '보스턴':14B '보스턴의':4B '삶':7B,12B '삶과':5B '생활':13B '이모저모':2A '이민':15B '이민생활':1A '정보모음':9B '한국':10B '한국의':6B",public,ko,False,,False,False,,,,False
284,2019-06-18 15:54:10.129 +0900,2020-08-26 13:52:58.172 +0900,react-native-vs-native,React Native vs Native,349,False,"'native':2A,4A,6B,8B,11B 'react':1A,5B,10B 'react-native':9B 'vs':3A,7B",public,en,False,,False,False,,,,False
283,2019-06-18 00:35:07.371 +0900,2020-08-26 13:52:58.227 +0900,font,Font,349,False,"'font':1A,5B,6B 'the':4B 'what':3B 'wtf':2B",public,en,False,,False,False,,,,False
282,2019-06-17 00:53:38.706 +0900,2020-08-26 13:52:58.236 +0900,how-many-domain-name-variations-to-register,How many domain name variations to register?,349,False,"'buying':11B 'domain':3A,15B,16B 'how':1A 'is':8B 'it':9B 'many':2A 'name':4A 'of':13B 'register':7A 'to':6A 'variations':5A,12B 'worth':10B 'your':14B",public,en,False,,False,False,,,,False
281,2019-06-16 21:38:54.491 +0900,2020-08-26 13:52:58.244 +0900,management,Management,375,False,'cosmetics':5B 'management':1A 'piks':4B 'testing':2B 'the':3B,public,en,False,,False,False,,,,False
280,2019-06-15 05:29:03.534 +0900,2020-08-26 13:52:58.263 +0900,test-280,test,261,False,'entertainment':3B 'kjbjhb':2B 'movie':4B 'test':1A,public,en,False,,False,False,,,,False
279,2019-06-15 04:49:43.724 +0900,2020-08-26 13:52:58.273 +0900,good-job-for-korean-women-in-usa,good job for Korean women in U.S.A,17,False,"'for':3A 'good':1A 'in':6A 'job':2A,10B,13B 'korean':4A,12B 'of':9B 'research':8B 'searching':11B 'u.s.a':7A 'women':5A",public,en,False,,False,False,,,,False
278,2019-06-15 03:48:09.599 +0900,2020-08-26 13:52:58.287 +0900,start-up-pitch-decks-for-investment,Start up Pitch Decks for Investment,363,False,"'/sites/alejandrocremades/2018/07/28/pitch-deck-template-exactly-what-to-include/#5d686d1e74c5':9B 'decks':4A 'for':5A 'investment':6A,11B 'pitch':3A 'pitchdeck':12B 'start':1A 'startup':10B 'up':2A 'www.forbes.com':8B 'www.forbes.com/sites/alejandrocremades/2018/07/28/pitch-deck-template-exactly-what-to-include/#5d686d1e74c5':7B",public,en,False,,False,False,,,,False
277,2019-06-15 01:15:07.953 +0900,2020-08-26 13:52:58.296 +0900,why-study-abroad-why-go,Why study abroad? Why go?,349,False,"'a':8B 'about':14B 'abroad':3A,20B,29B 'and':12B,21B 'can':24B 'collection':9B 'get':25B 'go':5A 'here':6B 'insights':11B 'is':7B,17B 'it':16B,28B 'of':10B,27B 'out':26B 'reasons':13B 'study':2A,31B 'studying':19B 'what':22B 'why':1A,4A,15B,30B 'worth':18B 'you':23B",public,en,False,,False,False,,,,False
276,2019-06-15 01:13:34.087 +0900,2020-08-26 13:52:58.301 +0900,what-is-the-best-time-of-life,What is the best time of life?,349,False,"'best':4A,12B,16B 'is':2A,10B 'life':7A,15B,17B 'literally':8B 'of':6A,14B 'the':3A,11B 'time':5A,13B,18B 'what':1A,9B",public,en,False,,False,False,,,,False
275,2019-06-15 01:10:20.780 +0900,2020-08-26 13:52:58.307 +0900,prepare-for-the-coding-interview,Prepare for the coding interview,349,False,"'a':20B 'aside':17B 'book':24B 'coding':4A,14B,27B,30B 'crack':12B,32B 'cracking':25B 'figure':8B 'for':2A 'from':18B 'how':10B 'interview':5A,15B,28B,29B 'known':23B 'let':6B 'out':9B 'prepare':1A,31B 'questions':16B 'reading':19B 's':7B 'the':3A,13B,26B 'to':11B 'well':22B 'well-known':21B",public,en,False,,False,False,,,,False
274,2019-06-15 00:45:20.212 +0900,2020-08-26 13:52:58.313 +0900,tips-on-finding-cheap-flights,Tips on finding cheap flights,349,False,"'be':10B 'best':22B,26B 'cheap':4A,29B 'deal':23B,27B 'explore':16B 'fights':25B 'find':20B 'finding':3A 'flight':28B 'flights':5A,13B 'how':18B 'let':14B 'no':6B 'on':2A,12B,24B 'one':7B 'overcharged':11B 's':15B 'the':21B 'ticket':30B 'tips':1A 'to':9B,19B 'together':17B 'wants':8B",public,en,False,,False,False,,,,False
273,2019-06-15 00:04:16.090 +0900,2020-08-26 13:52:58.316 +0900,한글-링크,한글 링크,17,False,"'링크':2A,4B,5B '한글':1A,3B,6B",public,ko,False,,False,False,,,,False
271,2019-06-14 10:39:35.943 +0900,2020-08-26 13:52:58.326 +0900,how-to-get-e2-via-as-korean,How to get E2 via as Korean,17,False,"'as':6A,13B 'e2':4A,11B,17B 'get':3A,10B 'how':1A,8B 'korean':7A,14B,16B 'to':2A,9B 'via':5A,12B 'visa':15B",public,en,False,,False,False,,,,False
244,2019-05-29 19:26:32.495 +0900,2020-08-26 13:52:58.697 +0900,test,test,49,False,"'test':1A,2B,3B",public,en,False,,False,False,,,,False
1179,2020-09-10 11:18:03.810 +0900,2020-09-10 11:26:31.851 +0900,kathy823,kathy823,575,False,'kathy823':1A,private,ko,False,,False,False,,,,False
262,2019-06-11 23:10:35.778 +0900,2020-08-26 16:37:01.343 +0900,e2-비자-관련-정보-모음,E2 비자 관련 정보 모음,17,False,'e2':1A '관련':3A '모음':5A '비자':2A '정보':4A,public,ko,False,,False,False,,,,False
1180,2020-09-10 11:27:56.373 +0900,2020-09-10 11:27:56.607 +0900,ai-pik-about-네이버-1180,AI pik about 네이버,576,False,'about':3A 'ai':1A 'pik':2A '네이버':4A,private,en,False,,False,False,,,,False
1138,2020-09-08 00:46:37.424 +0900,2020-09-08 00:47:56.897 +0900,resumes-cover-letters-oh-my-best-worst-1138,"Resumes, Cover Letters, Oh My! Best & Worst",49,False,'best':6A 'cover':2A 'letters':3A 'my':5A 'oh':4A 'resumes':1A 'worst':7A,private,ko,False,,False,False,,,,False
813,2020-07-03 11:19:09.693 +0900,2020-09-11 18:28:35.320 +0900,new-pik-here-813,new pik here,438,False,'here':3A 'new':1A 'pik':2A,public,en,False,,False,False,,,,False
1250,2020-09-14 21:45:31.291 +0900,2020-09-14 21:46:04.765 +0900,new-pik-here-1250,new pik here,571,False,'here':3A 'new':1A 'pik':2A,private,en,False,,False,False,,,,False
848,2020-07-13 15:37:32.080 +0900,2020-08-26 13:52:54.722 +0900,travel-in-vietnam,Travel in Vietnam,420,False,'in':2A 'travel':1A 'vietnam':3A,private,en,False,,False,False,,,,False
787,2020-06-06 23:58:14.987 +0900,2020-08-26 13:52:54.921 +0900,포켓-북마크-서비스의-모든것,포켓 북마크 서비스의 모든것,49,False,'모든것':4A '북마크':2A '서비스의':3A '포켓':1A,private,ko,False,,False,False,,,,False
707,2020-05-10 21:08:48.283 +0900,2020-08-26 13:52:55.146 +0900,피큐레잇-아이디어-모음,[피큐레잇] 아이디어 모음,49,False,'모음':3A '아이디어':2A '피큐레잇':1A,public,ko,False,,False,False,,,,False
270,2019-06-14 03:02:04.093 +0900,2020-08-26 13:52:58.344 +0900,domain-backorder,Domain Backorder,349,False,"'a':10B,33B 'already':18B 'are':14B,23B 'backorder':2A,4B,36B,39B 'by':20B 'can':7B 'do':8B 'domain':1A,3B,11B,35B,38B 'for':32B 'godaddy':37B 'here':22B 'in':16B 'interested':15B 'is':5B,17B 'might':27B 'name':12B 'namejet':40B 'refer':30B 'snapnames':41B 'some':24B 'somebody':21B 'successful':34B 'taken':19B 'tips':25B 'to':29B,31B 'want':28B 'what':6B 'when':9B 'you':13B,26B",public,en,False,,False,False,,,,False
790,2020-06-09 14:49:08.240 +0900,2020-08-26 16:04:49.893 +0900,ai-pik-about-네이버-790,AI pik about 네이버,477,False,'about':3A 'ai':1A 'pik':2A '네이버':4A,private,ko,False,,False,False,,,,False
1954,2021-01-08 12:17:45.434 +0900,2021-01-08 12:17:45.436 +0900,인재채용,인재채용,677,False,'인재채용':1A,public,en,False,,False,False,,,,False
269,2019-06-13 13:43:35.214 +0900,2020-08-26 13:52:58.350 +0900,how-to-conduct-a-competitive-analysis-for-your-business,How to Conduct a Competitive Analysis for Your Business,349,False,"'a':4A,14B,20B 'analysis':6A,16B,29B 'before':17B 'buisness':30B 'business':9A 'can':11B 'company':21B 'competitive':5A,15B,31B 'conduct':3A 'do':27B 'explore':24B 'for':7A 'how':1A,25B 'it':28B 'let':22B 's':23B 'skip':13B 'start':19B 't':12B 'to':2A,26B 'you':10B,18B 'your':8A",public,en,False,,False,False,,,,False
268,2019-06-13 07:56:07.340 +0900,2020-08-26 13:52:58.358 +0900,pikurate-한글테스트,Pikurate 한글테스트,17,False,"'pikurate':1A,3B '테스트':5B '한글':6B '한글테스트':2A,4B",public,en,False,,False,False,,,,False
267,2019-06-12 06:52:52.477 +0900,2020-08-26 13:52:58.365 +0900,journey-to-becoming-a-product-manager,Journey to Becoming a Product Manager,372,False,"'a':4A,10B,34B,54B 'all':49B 'an':27B 'and':21B,39B 'background':12B 'become':53B 'becoming':3A 'but':31B 'career':61B 'come':8B 'designer':60B 'development':64B 'direction':44B 'diverse':11B 'education':15B 'entrepreneur':22B 'experiences':38B 'film':16B 'find':33B 'from':9B,14B 'gather':48B 'great':55B 'had':26B 'have':24B 'heading':41B 'i':7B,25B,32B,45B 'interests':40B 'job':65B 'journey':1A 'lot':35B 'manager':6A,58B 'marketing':20B 'my':37B 'never':23B 'non':18B 'non-profit':17B 'of':36B 'official':28B 'pm':29B,56B 'product':5A,57B,59B,63B 'professional':62B 'profit':19B 'ranging':13B 'resources':51B 'role':30B 'that':43B 'the':50B 'to':2A,47B,52B 'towards':42B 'want':46B",public,en,False,,False,False,,,,False
266,2019-06-12 06:52:17.666 +0900,2020-08-26 13:52:58.374 +0900,what-does-a-patent-application-look-like,What does a Patent Application look like?,349,False,"'a':3A,17B,23B 'application':5A,19B,26B 'are':12B 'cost':25B,28B 'does':2A,22B 'file':16B,29B 'how':14B,20B 'kind':9B 'like':7A 'look':6A 'much':21B 'of':10B 'patent':4A,18B,24B,27B 'patents':11B 'provisional':30B 'there':13B 'to':15B 'what':1A,8B",public,en,False,,False,False,,,,False
265,2019-06-12 02:22:03.519 +0900,2020-08-26 13:52:58.382 +0900,pikurate-잠재적-경쟁사-관련-정보-모음,Pikurate 잠재적 경쟁사 관련 정보 모음,17,False,"'pikurate':1A,7B,15B '경쟁사':3A,9B,16B '관련':4A,10B '모음':6A,12B,13B '잠재적':2A,8B,17B '정보':5A,11B,14B",public,en,False,,False,False,,,,False
264,2019-06-12 01:42:02.118 +0900,2020-08-26 13:52:58.388 +0900,womens-world-cup-2019,Women's World Cup 2019,37,False,"'2019':5A,33B '8th':9B 'all':15B 'best':17B 'contents':18B 'cup':4A,13B,30B 'everything':24B 'football':27B 'going':25B 'help':20B 'is':7B 'it':6B 'keep':21B 'of':23B 'on':26B 's':2A,11B 'saving':14B 'soccer':31B 'sports':28B 'the':8B,16B 'to':19B 'track':22B 'women':1A,10B,32B 'world':3A,12B,29B",public,en,False,,False,False,,,,False
1786,2020-12-02 14:11:56.743 +0900,2020-12-02 14:11:56.745 +0900,2020년-leo-독서목록,2020년 Leo 독서목록,49,False,'2020년':1A 'leo':2A '독서목록':3A,public,ko,False,,False,False,,,,False
2355,2021-04-17 21:17:46.959 +0900,2021-04-17 21:17:46.961 +0900,플랫폼-스타트업-체크리스트,플랫폼 스타트업 체크리스트,49,False,'스타트업':2A '체크리스트':3A '플랫폼':1A,public,en,False,,False,False,,,,False
744,2020-05-14 16:09:20.644 +0900,2020-08-26 16:41:17.924 +0900,ai-pik-about-네이버,AI pik about 네이버,468,False,'about':3A 'ai':1A 'pik':2A '네이버':4A,private,ko,False,,False,False,,,,False
23994,2022-09-07 11:03:34.528 +0900,2022-09-12 19:08:51.808 +0900,an-italian-explorer-christopher-columbus,"An Italian Explorer, Christopher Columbus",6575,False,,public,ko,False,,False,False,,,,False
